"Location","Vel_dir","Height","H_m","Width","Source","direction.deg","payload","Distance_m","Nom_WS"
"BottomLeft","Direction","0.6096","Height = 0.6m","0.99","Raw 20m 1.5m-s",7.02116045512966,2,20,1.5
"BottomCenter","Direction","0.6096","Height = 0.6m","2.1","Raw 20m 1.5m-s",0.251205607659066,2,20,1.5
"BottomRight","Direction","0.6096","Height = 0.6m","3.3","Raw 20m 1.5m-s",349.288604027079,2,20,1.5
"MidLeft","Direction","1.2192","Height = 1.2m","0.99","Raw 20m 1.5m-s",358.3212253339,2,20,1.5
"MidCenter","Direction","1.2192","Height = 1.2m","2.1","Raw 20m 1.5m-s",0.652280735179028,2,20,1.5
"MidRight","Direction","1.2192","Height = 1.2m","3.3","Raw 20m 1.5m-s",0.561570841236486,2,20,1.5
"TopLeft","Direction","1.8288","Height = 1.8m","0.99","Raw 20m 1.5m-s",352.626247409339,2,20,1.5
"TopCenter","Direction","1.8288","Height = 1.8m","2.1","Raw 20m 1.5m-s",2.29070659466722,2,20,1.5
"TopRight","Direction","1.8288","Height = 1.8m","3.3","Raw 20m 1.5m-s",8.11516925866779,2,20,1.5
"BottomLeft","Direction","0.6096","Height = 0.6m","0.99","Raw 20m 3m-s",18.9455651715379,2,20,3
"BottomCenter","Direction","0.6096","Height = 0.6m","2.1","Raw 20m 3m-s",2.55798412841832,2,20,3
"BottomRight","Direction","0.6096","Height = 0.6m","3.3","Raw 20m 3m-s",338.914201571697,2,20,3
"MidLeft","Direction","1.2192","Height = 1.2m","0.99","Raw 20m 3m-s",347.740130062533,2,20,3
"MidCenter","Direction","1.2192","Height = 1.2m","2.1","Raw 20m 3m-s",0.701692072920048,2,20,3
"MidRight","Direction","1.2192","Height = 1.2m","3.3","Raw 20m 3m-s",4.23179528493435,2,20,3
"TopLeft","Direction","1.8288","Height = 1.8m","0.99","Raw 20m 3m-s",343.805906104691,2,20,3
"TopCenter","Direction","1.8288","Height = 1.8m","2.1","Raw 20m 3m-s",359.004518114515,2,20,3
"TopRight","Direction","1.8288","Height = 1.8m","3.3","Raw 20m 3m-s",15.7749949886679,2,20,3
"BottomLeft","Direction","0.6096","Height = 0.6m","0.99","Raw 20 4.5m-s",14.6967510382828,2,20,4.5
"BottomCenter","Direction","0.6096","Height = 0.6m","2.1","Raw 20 4.5m-s",1.05877376783006,2,20,4.5
"BottomRight","Direction","0.6096","Height = 0.6m","3.3","Raw 20 4.5m-s",340.273687484944,2,20,4.5
"MidLeft","Direction","1.2192","Height = 1.2m","0.99","Raw 20 4.5m-s",1.88868523555937,2,20,4.5
"MidCenter","Direction","1.2192","Height = 1.2m","2.1","Raw 20 4.5m-s",1.6488925103926,2,20,4.5
"MidRight","Direction","1.2192","Height = 1.2m","3.3","Raw 20 4.5m-s",356.938791509362,2,20,4.5
"TopLeft","Direction","1.8288","Height = 1.8m","0.99","Raw 20 4.5m-s",338.879059122929,2,20,4.5
"TopCenter","Direction","1.8288","Height = 1.8m","2.1","Raw 20 4.5m-s",359.494531392033,2,20,4.5
"TopRight","Direction","1.8288","Height = 1.8m","3.3","Raw 20 4.5m-s",16.1155229273416,2,20,4.5
"BottomLeft","Direction","0.6096","Height = 0.6m","0.99","Raw 16m 1.5m-s",8.02248239729241,2,16,1.5
"BottomCenter","Direction","0.6096","Height = 0.6m","2.1","Raw 16m 1.5m-s",359.283291423804,2,16,1.5
"BottomRight","Direction","0.6096","Height = 0.6m","3.3","Raw 16m 1.5m-s",349.571799122658,2,16,1.5
"MidLeft","Direction","1.2192","Height = 1.2m","0.99","Raw 16m 1.5m-s",1.49328407822486,2,16,1.5
"MidCenter","Direction","1.2192","Height = 1.2m","2.1","Raw 16m 1.5m-s",3.90751651677406,2,16,1.5
"MidRight","Direction","1.2192","Height = 1.2m","3.3","Raw 16m 1.5m-s",357.62030457915,2,16,1.5
"TopLeft","Direction","1.8288","Height = 1.8m","0.99","Raw 16m 1.5m-s",351.811011671476,2,16,1.5
"TopCenter","Direction","1.8288","Height = 1.8m","2.1","Raw 16m 1.5m-s",5.20959289944238,2,16,1.5
"TopRight","Direction","1.8288","Height = 1.8m","3.3","Raw 16m 1.5m-s",9.81537946280234,2,16,1.5
"BottomLeft","Direction","0.6096","Height = 0.6m","0.99","Raw 16m 3m-s",18.5177741163198,2,16,3
"BottomCenter","Direction","0.6096","Height = 0.6m","2.1","Raw 16m 3m-s",4.21934654892104,2,16,3
"BottomRight","Direction","0.6096","Height = 0.6m","3.3","Raw 16m 3m-s",338.541917156052,2,16,3
"MidLeft","Direction","1.2192","Height = 1.2m","0.99","Raw 16m 3m-s",353.156926544294,2,16,3
"MidCenter","Direction","1.2192","Height = 1.2m","2.1","Raw 16m 3m-s",1.68627044159561,2,16,3
"MidRight","Direction","1.2192","Height = 1.2m","3.3","Raw 16m 3m-s",6.02486486678851,2,16,3
"TopLeft","Direction","1.8288","Height = 1.8m","0.99","Raw 16m 3m-s",345.10274641266,2,16,3
"TopCenter","Direction","1.8288","Height = 1.8m","2.1","Raw 16m 3m-s",1.70001061909013,2,16,3
"TopRight","Direction","1.8288","Height = 1.8m","3.3","Raw 16m 3m-s",16.3562262784209,2,16,3
"BottomLeft","Direction","0.6096","Height = 0.6m","0.99","Raw 16m 4.5m-s",15.4270203330695,2,16,4.5
"BottomCenter","Direction","0.6096","Height = 0.6m","2.1","Raw 16m 4.5m-s",2.35110330025526,2,16,4.5
"BottomRight","Direction","0.6096","Height = 0.6m","3.3","Raw 16m 4.5m-s",342.51751742082,2,16,4.5
"MidLeft","Direction","1.2192","Height = 1.2m","0.99","Raw 16m 4.5m-s",5.94284377476232,2,16,4.5
"MidCenter","Direction","1.2192","Height = 1.2m","2.1","Raw 16m 4.5m-s",3.20898723800847,2,16,4.5
"MidRight","Direction","1.2192","Height = 1.2m","3.3","Raw 16m 4.5m-s",353.330626443141,2,16,4.5
"TopLeft","Direction","1.8288","Height = 1.8m","0.99","Raw 16m 4.5m-s",338.843790897192,2,16,4.5
"TopCenter","Direction","1.8288","Height = 1.8m","2.1","Raw 16m 4.5m-s",1.85355069168531,2,16,4.5
"TopRight","Direction","1.8288","Height = 1.8m","3.3","Raw 16m 4.5m-s",19.5829843123033,2,16,4.5
"BottomLeft","Direction","0.6096","Height = 0.6m","0.99","Raw 12m 1.5 m-s",12.9614938454202,2,12,1.5
"BottomCenter","Direction","0.6096","Height = 0.6m","2.1","Raw 12m 1.5 m-s",2.4588538721642,2,12,1.5
"BottomRight","Direction","0.6096","Height = 0.6m","3.3","Raw 12m 1.5 m-s",348.691612969629,2,12,1.5
"MidLeft","Direction","1.2192","Height = 1.2m","0.99","Raw 12m 1.5 m-s",1.91935675528264,2,12,1.5
"MidCenter","Direction","1.2192","Height = 1.2m","2.1","Raw 12m 1.5 m-s",358.388497018268,2,12,1.5
"MidRight","Direction","1.2192","Height = 1.2m","3.3","Raw 12m 1.5 m-s",356.523529732447,2,12,1.5
"TopLeft","Direction","1.8288","Height = 1.8m","0.99","Raw 12m 1.5 m-s",341.357657226793,2,12,1.5
"TopCenter","Direction","1.8288","Height = 1.8m","2.1","Raw 12m 1.5 m-s",2.05063125811152,2,12,1.5
"TopRight","Direction","1.8288","Height = 1.8m","3.3","Raw 12m 1.5 m-s",12.0750543993937,2,12,1.5
"BottomLeft","Direction","0.6096","Height = 0.6m","0.99","Raw 12m 3m-s",18.9560714771517,2,12,3
"BottomCenter","Direction","0.6096","Height = 0.6m","2.1","Raw 12m 3m-s",3.6831757266772,2,12,3
"BottomRight","Direction","0.6096","Height = 0.6m","3.3","Raw 12m 3m-s",335.778390397585,2,12,3
"MidLeft","Direction","1.2192","Height = 1.2m","0.99","Raw 12m 3m-s",359.097791140148,2,12,3
"MidCenter","Direction","1.2192","Height = 1.2m","2.1","Raw 12m 3m-s",1.22110529049168,2,12,3
"MidRight","Direction","1.2192","Height = 1.2m","3.3","Raw 12m 3m-s",356.947916780563,2,12,3
"TopLeft","Direction","1.8288","Height = 1.8m","0.99","Raw 12m 3m-s",339.983333086049,2,12,3
"TopCenter","Direction","1.8288","Height = 1.8m","2.1","Raw 12m 3m-s",359.591892691531,2,12,3
"TopRight","Direction","1.8288","Height = 1.8m","3.3","Raw 12m 3m-s",17.9272834745299,2,12,3
"BottomLeft","Direction","0.6096","Height = 0.6m","0.99","Raw 12m 4.5m-s",17.7197414840689,2,12,4.5
"BottomCenter","Direction","0.6096","Height = 0.6m","2.1","Raw 12m 4.5m-s",1.46534015321403,2,12,4.5
"BottomRight","Direction","0.6096","Height = 0.6m","3.3","Raw 12m 4.5m-s",337.896225906005,2,12,4.5
"MidLeft","Direction","1.2192","Height = 1.2m","0.99","Raw 12m 4.5m-s",6.83988319405767,2,12,4.5
"MidCenter","Direction","1.2192","Height = 1.2m","2.1","Raw 12m 4.5m-s",3.3857937906664,2,12,4.5
"MidRight","Direction","1.2192","Height = 1.2m","3.3","Raw 12m 4.5m-s",353.628627190551,2,12,4.5
"TopLeft","Direction","1.8288","Height = 1.8m","0.99","Raw 12m 4.5m-s",335.468535432989,2,12,4.5
"TopCenter","Direction","1.8288","Height = 1.8m","2.1","Raw 12m 4.5m-s",3.89132558789768,2,12,4.5
"TopRight","Direction","1.8288","Height = 1.8m","3.3","Raw 12m 4.5m-s",21.3117314923091,2,12,4.5
"BottomLeft","Direction","0.6096","Height = 0.6m","0.99","Raw 8m 1.5m-s",8.90489411340553,2,8,1.5
"BottomCenter","Direction","0.6096","Height = 0.6m","2.1","Raw 8m 1.5m-s",359.63705715583,2,8,1.5
"BottomRight","Direction","0.6096","Height = 0.6m","3.3","Raw 8m 1.5m-s",342.262774139826,2,8,1.5
"MidLeft","Direction","1.2192","Height = 1.2m","0.99","Raw 8m 1.5m-s",11.5200960419986,2,8,1.5
"MidCenter","Direction","1.2192","Height = 1.2m","2.1","Raw 8m 1.5m-s",0.309056337995759,2,8,1.5
"MidRight","Direction","1.2192","Height = 1.2m","3.3","Raw 8m 1.5m-s",349.343663136434,2,8,1.5
"TopLeft","Direction","1.8288","Height = 1.8m","0.99","Raw 8m 1.5m-s",338.252729237034,2,8,1.5
"TopCenter","Direction","1.8288","Height = 1.8m","2.1","Raw 8m 1.5m-s",3.35803671136433,2,8,1.5
"TopRight","Direction","1.8288","Height = 1.8m","3.3","Raw 8m 1.5m-s",14.0666329887083,2,8,1.5
"BottomLeft","Direction","0.6096","Height = 0.6m","0.99","Raw 8m 3m-s",13.4094953137031,2,8,3
"BottomCenter","Direction","0.6096","Height = 0.6m","2.1","Raw 8m 3m-s",357.621078818539,2,8,3
"BottomRight","Direction","0.6096","Height = 0.6m","3.3","Raw 8m 3m-s",342.648559592326,2,8,3
"MidLeft","Direction","1.2192","Height = 1.2m","0.99","Raw 8m 3m-s",14.6744734302825,2,8,3
"MidCenter","Direction","1.2192","Height = 1.2m","2.1","Raw 8m 3m-s",356.03248783895,2,8,3
"MidRight","Direction","1.2192","Height = 1.2m","3.3","Raw 8m 3m-s",343.559534603789,2,8,3
"TopLeft","Direction","1.8288","Height = 1.8m","0.99","Raw 8m 3m-s",337.819129242945,2,8,3
"TopCenter","Direction","1.8288","Height = 1.8m","2.1","Raw 8m 3m-s",352.739670584964,2,8,3
"TopRight","Direction","1.8288","Height = 1.8m","3.3","Raw 8m 3m-s",22.7778801850391,2,8,3
"BottomLeft","Direction","0.6096","Height = 0.6m","0.99","Raw 8m 4.5 m-s",27.4431561156837,2,8,4.5
"BottomCenter","Direction","0.6096","Height = 0.6m","2.1","Raw 8m 4.5 m-s",359.700461803292,2,8,4.5
"BottomRight","Direction","0.6096","Height = 0.6m","3.3","Raw 8m 4.5 m-s",338.987640316527,2,8,4.5
"MidLeft","Direction","1.2192","Height = 1.2m","0.99","Raw 8m 4.5 m-s",350.221017289582,2,8,4.5
"MidCenter","Direction","1.2192","Height = 1.2m","2.1","Raw 8m 4.5 m-s",359.937187376069,2,8,4.5
"MidRight","Direction","1.2192","Height = 1.2m","3.3","Raw 8m 4.5 m-s",4.27913747152868,2,8,4.5
"TopLeft","Direction","1.8288","Height = 1.8m","0.99","Raw 8m 4.5 m-s",347.419277937567,2,8,4.5
"TopCenter","Direction","1.8288","Height = 1.8m","2.1","Raw 8m 4.5 m-s",359.30543253053,2,8,4.5
"TopRight","Direction","1.8288","Height = 1.8m","3.3","Raw 8m 4.5 m-s",12.1780777783823,2,8,4.5
"BottomLeft","Direction","0.6096","Height = 0.6m","0.99","Raw 6m 1.5 m-s",17.3905623151535,2,6,1.5
"BottomCenter","Direction","0.6096","Height = 0.6m","2.1","Raw 6m 1.5 m-s",356.836195758251,2,6,1.5
"BottomRight","Direction","0.6096","Height = 0.6m","3.3","Raw 6m 1.5 m-s",334.463414191114,2,6,1.5
"MidLeft","Direction","1.2192","Height = 1.2m","0.99","Raw 6m 1.5 m-s",36.9291815074917,2,6,1.5
"MidCenter","Direction","1.2192","Height = 1.2m","2.1","Raw 6m 1.5 m-s",358.178857547543,2,6,1.5
"MidRight","Direction","1.2192","Height = 1.2m","3.3","Raw 6m 1.5 m-s",342.779517410274,2,6,1.5
"TopLeft","Direction","1.8288","Height = 1.8m","0.99","Raw 6m 1.5 m-s",322.059077535947,2,6,1.5
"TopCenter","Direction","1.8288","Height = 1.8m","2.1","Raw 6m 1.5 m-s",2.77657829637861,2,6,1.5
"TopRight","Direction","1.8288","Height = 1.8m","3.3","Raw 6m 1.5 m-s",12.3635772146104,2,6,1.5
"BottomLeft","Direction","0.6096","Height = 0.6m","0.99","Raw 6m 3m-s",14.5837376263775,2,6,3
"BottomCenter","Direction","0.6096","Height = 0.6m","2.1","Raw 6m 3m-s",356.656228442853,2,6,3
"BottomRight","Direction","0.6096","Height = 0.6m","3.3","Raw 6m 3m-s",342.366617468369,2,6,3
"MidLeft","Direction","1.2192","Height = 1.2m","0.99","Raw 6m 3m-s",14.4988294695764,2,6,3
"MidCenter","Direction","1.2192","Height = 1.2m","2.1","Raw 6m 3m-s",1.46403512257247,2,6,3
"MidRight","Direction","1.2192","Height = 1.2m","3.3","Raw 6m 3m-s",341.944463049473,2,6,3
"TopLeft","Direction","1.8288","Height = 1.8m","0.99","Raw 6m 3m-s",338.739076082068,2,6,3
"TopCenter","Direction","1.8288","Height = 1.8m","2.1","Raw 6m 3m-s",357.970903103406,2,6,3
"TopRight","Direction","1.8288","Height = 1.8m","3.3","Raw 6m 3m-s",17.1723866679057,2,6,3
"BottomLeft","Direction","0.6096","Height = 0.6m","0.99","Raw 6m 4.5 m-s",29.2356573252221,2,6,4.5
"BottomCenter","Direction","0.6096","Height = 0.6m","2.1","Raw 6m 4.5 m-s",3.39661311682455,2,6,4.5
"BottomRight","Direction","0.6096","Height = 0.6m","3.3","Raw 6m 4.5 m-s",335.158510950174,2,6,4.5
"MidLeft","Direction","1.2192","Height = 1.2m","0.99","Raw 6m 4.5 m-s",345.392689359493,2,6,4.5
"MidCenter","Direction","1.2192","Height = 1.2m","2.1","Raw 6m 4.5 m-s",2.09181453941216,2,6,4.5
"MidRight","Direction","1.2192","Height = 1.2m","3.3","Raw 6m 4.5 m-s",9.67394617225943,2,6,4.5
"TopLeft","Direction","1.8288","Height = 1.8m","0.99","Raw 6m 4.5 m-s",346.88518019361,2,6,4.5
"TopCenter","Direction","1.8288","Height = 1.8m","2.1","Raw 6m 4.5 m-s",358.293407391477,2,6,4.5
"TopRight","Direction","1.8288","Height = 1.8m","3.3","Raw 6m 4.5 m-s",5.42661158504854,2,6,4.5
"BottomLeft","Direction","0.6096","Height = 0.6m","0.99","Raw 5m 1.5 m-s",21.6654241441998,2,5,1.5
"BottomCenter","Direction","0.6096","Height = 0.6m","2.1","Raw 5m 1.5 m-s",344.924932693864,2,5,1.5
"BottomRight","Direction","0.6096","Height = 0.6m","3.3","Raw 5m 1.5 m-s",329.728601944822,2,5,1.5
"MidLeft","Direction","1.2192","Height = 1.2m","0.99","Raw 5m 1.5 m-s",14.4980460176696,2,5,1.5
"MidCenter","Direction","1.2192","Height = 1.2m","2.1","Raw 5m 1.5 m-s",348.259849301323,2,5,1.5
"MidRight","Direction","1.2192","Height = 1.2m","3.3","Raw 5m 1.5 m-s",356.285141785366,2,5,1.5
"TopLeft","Direction","1.8288","Height = 1.8m","0.99","Raw 5m 1.5 m-s",346.998767167464,2,5,1.5
"TopCenter","Direction","1.8288","Height = 1.8m","2.1","Raw 5m 1.5 m-s",3.48923469166572,2,5,1.5
"TopRight","Direction","1.8288","Height = 1.8m","3.3","Raw 5m 1.5 m-s",20.7249258879432,2,5,1.5
"BottomLeft","Direction","0.6096","Height = 0.6m","0.99","Raw 5m 3m-s",14.6336787810128,2,5,3
"BottomCenter","Direction","0.6096","Height = 0.6m","2.1","Raw 5m 3m-s",0.374074722395161,2,5,3
"BottomRight","Direction","0.6096","Height = 0.6m","3.3","Raw 5m 3m-s",341.190769109317,2,5,3
"MidLeft","Direction","1.2192","Height = 1.2m","0.99","Raw 5m 3m-s",5.35996493930818,2,5,3
"MidCenter","Direction","1.2192","Height = 1.2m","2.1","Raw 5m 3m-s",1.47282135256731,2,5,3
"MidRight","Direction","1.2192","Height = 1.2m","3.3","Raw 5m 3m-s",346.351579847977,2,5,3
"TopLeft","Direction","1.8288","Height = 1.8m","0.99","Raw 5m 3m-s",353.747493783447,2,5,3
"TopCenter","Direction","1.8288","Height = 1.8m","2.1","Raw 5m 3m-s",4.31846571792041,2,5,3
"TopRight","Direction","1.8288","Height = 1.8m","3.3","Raw 5m 3m-s",16.5568120800024,2,5,3
"BottomLeft","Direction","0.6096","Height = 0.6m","0.99","Raw 5m 4.5m-s",30.5856071195906,2,5,4.5
"BottomCenter","Direction","0.6096","Height = 0.6m","2.1","Raw 5m 4.5m-s",4.29366210843307,2,5,4.5
"BottomRight","Direction","0.6096","Height = 0.6m","3.3","Raw 5m 4.5m-s",324.742701904613,2,5,4.5
"MidLeft","Direction","1.2192","Height = 1.2m","0.99","Raw 5m 4.5m-s",342.653103448602,2,5,4.5
"MidCenter","Direction","1.2192","Height = 1.2m","2.1","Raw 5m 4.5m-s",0.714653391925791,2,5,4.5
"MidRight","Direction","1.2192","Height = 1.2m","3.3","Raw 5m 4.5m-s",14.4905029547934,2,5,4.5
"TopLeft","Direction","1.8288","Height = 1.8m","0.99","Raw 5m 4.5m-s",345.239457260222,2,5,4.5
"TopCenter","Direction","1.8288","Height = 1.8m","2.1","Raw 5m 4.5m-s",357.93223473384,2,5,4.5
"TopRight","Direction","1.8288","Height = 1.8m","3.3","Raw 5m 4.5m-s",8.79938599143493,2,5,4.5
"BottomLeft","Direction","0.6096","Height = 0.6m","0.99","Raw 4m 1.5 m-s",22.3198307950102,2,4,1.5
"BottomCenter","Direction","0.6096","Height = 0.6m","2.1","Raw 4m 1.5 m-s",344.061750668591,2,4,1.5
"BottomRight","Direction","0.6096","Height = 0.6m","3.3","Raw 4m 1.5 m-s",329.618715115263,2,4,1.5
"MidLeft","Direction","1.2192","Height = 1.2m","0.99","Raw 4m 1.5 m-s",4.72038008851514,2,4,1.5
"MidCenter","Direction","1.2192","Height = 1.2m","2.1","Raw 4m 1.5 m-s",358.185598806514,2,4,1.5
"MidRight","Direction","1.2192","Height = 1.2m","3.3","Raw 4m 1.5 m-s",350.953018898431,2,4,1.5
"TopLeft","Direction","1.8288","Height = 1.8m","0.99","Raw 4m 1.5 m-s",344.888280981465,2,4,1.5
"TopCenter","Direction","1.8288","Height = 1.8m","2.1","Raw 4m 1.5 m-s",3.7583437436372,2,4,1.5
"TopRight","Direction","1.8288","Height = 1.8m","3.3","Raw 4m 1.5 m-s",11.8472786205375,2,4,1.5
"BottomLeft","Direction","0.6096","Height = 0.6m","0.99","Raw 4m 3m-s",19.3296936326479,2,4,3
"BottomCenter","Direction","0.6096","Height = 0.6m","2.1","Raw 4m 3m-s",2.3008229748628,2,4,3
"BottomRight","Direction","0.6096","Height = 0.6m","3.3","Raw 4m 3m-s",336.687497364723,2,4,3
"MidLeft","Direction","1.2192","Height = 1.2m","0.99","Raw 4m 3m-s",350.903587397287,2,4,3
"MidCenter","Direction","1.2192","Height = 1.2m","2.1","Raw 4m 3m-s",2.17685841519518,2,4,3
"MidRight","Direction","1.2192","Height = 1.2m","3.3","Raw 4m 3m-s",358.165802089344,2,4,3
"TopLeft","Direction","1.8288","Height = 1.8m","0.99","Raw 4m 3m-s",353.622145579708,2,4,3
"TopCenter","Direction","1.8288","Height = 1.8m","2.1","Raw 4m 3m-s",0.562787122082554,2,4,3
"TopRight","Direction","1.8288","Height = 1.8m","3.3","Raw 4m 3m-s",16.3290772300775,2,4,3
"BottomLeft","Direction","0.6096","Height = 0.6m","0.99","Raw 4m 4.5m-s",34.6873955474506,2,4,4.5
"BottomCenter","Direction","0.6096","Height = 0.6m","2.1","Raw 4m 4.5m-s",6.98946531039623,2,4,4.5
"BottomRight","Direction","0.6096","Height = 0.6m","3.3","Raw 4m 4.5m-s",323.083058342418,2,4,4.5
"MidLeft","Direction","1.2192","Height = 1.2m","0.99","Raw 4m 4.5m-s",343.781432577048,2,4,4.5
"MidCenter","Direction","1.2192","Height = 1.2m","2.1","Raw 4m 4.5m-s",2.44495549608482,2,4,4.5
"MidRight","Direction","1.2192","Height = 1.2m","3.3","Raw 4m 4.5m-s",15.3246948015173,2,4,4.5
"TopLeft","Direction","1.8288","Height = 1.8m","0.99","Raw 4m 4.5m-s",339.377058171084,2,4,4.5
"TopCenter","Direction","1.8288","Height = 1.8m","2.1","Raw 4m 4.5m-s",358.455829227173,2,4,4.5
"TopRight","Direction","1.8288","Height = 1.8m","3.3","Raw 4m 4.5m-s",15.9778613697306,2,4,4.5
"BottomLeft","Direction","0.6096","Height = 0.6m","0.99","Raw +3m 1.5m-s",24.9322942970728,2,3,1.5
"BottomCenter","Direction","0.6096","Height = 0.6m","2.1","Raw +3m 1.5m-s",350.886743387265,2,3,1.5
"BottomRight","Direction","0.6096","Height = 0.6m","3.3","Raw +3m 1.5m-s",345.478144929638,2,3,1.5
"MidLeft","Direction","1.2192","Height = 1.2m","0.99","Raw +3m 1.5m-s",9.78594697491369,2,3,1.5
"MidCenter","Direction","1.2192","Height = 1.2m","2.1","Raw +3m 1.5m-s",354.443828337689,2,3,1.5
"MidRight","Direction","1.2192","Height = 1.2m","3.3","Raw +3m 1.5m-s",315.437142299179,2,3,1.5
"TopLeft","Direction","1.8288","Height = 1.8m","0.99","Raw +3m 1.5m-s",344.958592537011,2,3,1.5
"TopCenter","Direction","1.8288","Height = 1.8m","2.1","Raw +3m 1.5m-s",13.8605955266289,2,3,1.5
"TopRight","Direction","1.8288","Height = 1.8m","3.3","Raw +3m 1.5m-s",26.1861096144791,2,3,1.5
"BottomLeft","Direction","0.6096","Height = 0.6m","0.99","Raw +3m 3m-s",25.0080286023388,2,3,3
"BottomCenter","Direction","0.6096","Height = 0.6m","2.1","Raw +3m 3m-s",359.998718192772,2,3,3
"BottomRight","Direction","0.6096","Height = 0.6m","3.3","Raw +3m 3m-s",329.797680528637,2,3,3
"MidLeft","Direction","1.2192","Height = 1.2m","0.99","Raw +3m 3m-s",344.429629620471,2,3,3
"MidCenter","Direction","1.2192","Height = 1.2m","2.1","Raw +3m 3m-s",5.88863740086236,2,3,3
"MidRight","Direction","1.2192","Height = 1.2m","3.3","Raw +3m 3m-s",7.74362455859131,2,3,3
"TopLeft","Direction","1.8288","Height = 1.8m","0.99","Raw +3m 3m-s",341.393873898617,2,3,3
"TopCenter","Direction","1.8288","Height = 1.8m","2.1","Raw +3m 3m-s",2.56460922328931,2,3,3
"TopRight","Direction","1.8288","Height = 1.8m","3.3","Raw +3m 3m-s",19.1333303263255,2,3,3
"BottomLeft","Direction","0.6096","Height = 0.6m","0.99","Raw +3m 4.5m-s",22.3629894723309,2,3,4.5
"BottomCenter","Direction","0.6096","Height = 0.6m","2.1","Raw +3m 4.5m-s",6.99816330423572,2,3,4.5
"BottomRight","Direction","0.6096","Height = 0.6m","3.3","Raw +3m 4.5m-s",325.91534657813,2,3,4.5
"MidLeft","Direction","1.2192","Height = 1.2m","0.99","Raw +3m 4.5m-s",349.450289392001,2,3,4.5
"MidCenter","Direction","1.2192","Height = 1.2m","2.1","Raw +3m 4.5m-s",5.54993977037693,2,3,4.5
"MidRight","Direction","1.2192","Height = 1.2m","3.3","Raw +3m 4.5m-s",12.721689188379,2,3,4.5
"TopLeft","Direction","1.8288","Height = 1.8m","0.99","Raw +3m 4.5m-s",333.856531697007,2,3,4.5
"TopCenter","Direction","1.8288","Height = 1.8m","2.1","Raw +3m 4.5m-s",359.608396083615,2,3,4.5
"TopRight","Direction","1.8288","Height = 1.8m","3.3","Raw +3m 4.5m-s",23.0665991034462,2,3,4.5
"BottomLeft","Direction","0.6096","Height = 0.6m","0.99","Raw +2m 1.5m-s",20.6157789322146,2,2,1.5
"BottomCenter","Direction","0.6096","Height = 0.6m","2.1","Raw +2m 1.5m-s",357.121702614274,2,2,1.5
"BottomRight","Direction","0.6096","Height = 0.6m","3.3","Raw +2m 1.5m-s",346.259404663599,2,2,1.5
"MidLeft","Direction","1.2192","Height = 1.2m","0.99","Raw +2m 1.5m-s",355.899348307181,2,2,1.5
"MidCenter","Direction","1.2192","Height = 1.2m","2.1","Raw +2m 1.5m-s",10.8026669378244,2,2,1.5
"MidRight","Direction","1.2192","Height = 1.2m","3.3","Raw +2m 1.5m-s",347.69210986171,2,2,1.5
"TopLeft","Direction","1.8288","Height = 1.8m","0.99","Raw +2m 1.5m-s",328.836956567391,2,2,1.5
"TopCenter","Direction","1.8288","Height = 1.8m","2.1","Raw +2m 1.5m-s",14.8937350821166,2,2,1.5
"TopRight","Direction","1.8288","Height = 1.8m","3.3","Raw +2m 1.5m-s",58.3286332119997,2,2,1.5
"BottomLeft","Direction","0.6096","Height = 0.6m","0.99","Raw +2m 3m-s",29.5149503419736,2,2,3
"BottomCenter","Direction","0.6096","Height = 0.6m","2.1","Raw +2m 3m-s",9.45190683180398,2,2,3
"BottomRight","Direction","0.6096","Height = 0.6m","3.3","Raw +2m 3m-s",333.481111033928,2,2,3
"MidLeft","Direction","1.2192","Height = 1.2m","0.99","Raw +2m 3m-s",333.440082774585,2,2,3
"MidCenter","Direction","1.2192","Height = 1.2m","2.1","Raw +2m 3m-s",12.2761427055868,2,2,3
"MidRight","Direction","1.2192","Height = 1.2m","3.3","Raw +2m 3m-s",28.0310046984409,2,2,3
"TopLeft","Direction","1.8288","Height = 1.8m","0.99","Raw +2m 3m-s",330.47692637668,2,2,3
"TopCenter","Direction","1.8288","Height = 1.8m","2.1","Raw +2m 3m-s",7.51653474779818,2,2,3
"TopRight","Direction","1.8288","Height = 1.8m","3.3","Raw +2m 3m-s",29.0510271907913,2,2,3
"BottomLeft","Direction","0.6096","Height = 0.6m","0.99","Raw +2m 4.5m-s",22.7003945374417,2,2,4.5
"BottomCenter","Direction","0.6096","Height = 0.6m","2.1","Raw +2m 4.5m-s",9.38977559874978,2,2,4.5
"BottomRight","Direction","0.6096","Height = 0.6m","3.3","Raw +2m 4.5m-s",334.099593301716,2,2,4.5
"MidLeft","Direction","1.2192","Height = 1.2m","0.99","Raw +2m 4.5m-s",358.750678879808,2,2,4.5
"MidCenter","Direction","1.2192","Height = 1.2m","2.1","Raw +2m 4.5m-s",12.0310695641318,2,2,4.5
"MidRight","Direction","1.2192","Height = 1.2m","3.3","Raw +2m 4.5m-s",12.4925725966281,2,2,4.5
"TopLeft","Direction","1.8288","Height = 1.8m","0.99","Raw +2m 4.5m-s",330.016391787846,2,2,4.5
"TopCenter","Direction","1.8288","Height = 1.8m","2.1","Raw +2m 4.5m-s",3.6480338102684,2,2,4.5
"TopRight","Direction","1.8288","Height = 1.8m","3.3","Raw +2m 4.5m-s",25.5176154927349,2,2,4.5
"BottomLeft","Direction","0.6096","Height = 0.6m","0.99","Raw +1m 1.5m-s",24.0558777170598,2,1,1.5
"BottomCenter","Direction","0.6096","Height = 0.6m","2.1","Raw +1m 1.5m-s",11.0986038503618,2,1,1.5
"BottomRight","Direction","0.6096","Height = 0.6m","3.3","Raw +1m 1.5m-s",352.738237359719,2,1,1.5
"MidLeft","Direction","1.2192","Height = 1.2m","0.99","Raw +1m 1.5m-s",332.830544227198,2,1,1.5
"MidCenter","Direction","1.2192","Height = 1.2m","2.1","Raw +1m 1.5m-s",36.2509327115627,2,1,1.5
"MidRight","Direction","1.2192","Height = 1.2m","3.3","Raw +1m 1.5m-s",35.0188001810212,2,1,1.5
"TopLeft","Direction","1.8288","Height = 1.8m","0.99","Raw +1m 1.5m-s",319.141307575412,2,1,1.5
"TopCenter","Direction","1.8288","Height = 1.8m","2.1","Raw +1m 1.5m-s",,2,1,1.5
"TopRight","Direction","1.8288","Height = 1.8m","3.3","Raw +1m 1.5m-s",53.6594446846702,2,1,1.5
"BottomLeft","Direction","0.6096","Height = 0.6m","0.99","Raw +1m 3m-s",36.1784506168263,2,1,3
"BottomCenter","Direction","0.6096","Height = 0.6m","2.1","Raw +1m 3m-s",357.8406942881,2,1,3
"BottomRight","Direction","0.6096","Height = 0.6m","3.3","Raw +1m 3m-s",345.806738475335,2,1,3
"MidLeft","Direction","1.2192","Height = 1.2m","0.99","Raw +1m 3m-s",340.781634787274,2,1,3
"MidCenter","Direction","1.2192","Height = 1.2m","2.1","Raw +1m 3m-s",39.0165971114007,2,1,3
"MidRight","Direction","1.2192","Height = 1.2m","3.3","Raw +1m 3m-s",27.0369337220883,2,1,3
"TopLeft","Direction","1.8288","Height = 1.8m","0.99","Raw +1m 3m-s",326.449683219098,2,1,3
"TopCenter","Direction","1.8288","Height = 1.8m","2.1","Raw +1m 3m-s",,2,1,3
"TopRight","Direction","1.8288","Height = 1.8m","3.3","Raw +1m 3m-s",33.5051363422011,2,1,3
"BottomLeft","Direction","0.6096","Height = 0.6m","0.99","Raw +1m 4.5m-s",15.9140880418372,2,1,4.5
"BottomCenter","Direction","0.6096","Height = 0.6m","2.1","Raw +1m 4.5m-s",355.830485330034,2,1,4.5
"BottomRight","Direction","0.6096","Height = 0.6m","3.3","Raw +1m 4.5m-s",332.193590727685,2,1,4.5
"MidLeft","Direction","1.2192","Height = 1.2m","0.99","Raw +1m 4.5m-s",6.97427662810916,2,1,4.5
"MidCenter","Direction","1.2192","Height = 1.2m","2.1","Raw +1m 4.5m-s",3.15536017019164,2,1,4.5
"MidRight","Direction","1.2192","Height = 1.2m","3.3","Raw +1m 4.5m-s",1.10607670909246,2,1,4.5
"TopLeft","Direction","1.8288","Height = 1.8m","0.99","Raw +1m 4.5m-s",330.637631864763,2,1,4.5
"TopCenter","Direction","1.8288","Height = 1.8m","2.1","Raw +1m 4.5m-s",,2,1,4.5
"TopRight","Direction","1.8288","Height = 1.8m","3.3","Raw +1m 4.5m-s",25.1815258114563,2,1,4.5
"BottomLeft","Direction","0.6096","Height = 0.6m","0.99","Raw 0m 1.5m-s",12.8447297996614,2,0,1.5
"BottomCenter","Direction","0.6096","Height = 0.6m","2.1","Raw 0m 1.5m-s",16.3843419998831,2,0,1.5
"BottomRight","Direction","0.6096","Height = 0.6m","3.3","Raw 0m 1.5m-s",340.235116341091,2,0,1.5
"MidLeft","Direction","1.2192","Height = 1.2m","0.99","Raw 0m 1.5m-s",347.158819592515,2,0,1.5
"MidCenter","Direction","1.2192","Height = 1.2m","2.1","Raw 0m 1.5m-s",,2,0,1.5
"MidRight","Direction","1.2192","Height = 1.2m","3.3","Raw 0m 1.5m-s",16.3560871621776,2,0,1.5
"TopLeft","Direction","1.8288","Height = 1.8m","0.99","Raw 0m 1.5m-s",,2,0,1.5
"TopCenter","Direction","1.8288","Height = 1.8m","2.1","Raw 0m 1.5m-s",,2,0,1.5
"TopRight","Direction","1.8288","Height = 1.8m","3.3","Raw 0m 1.5m-s",,2,0,1.5
"BottomLeft","Direction","0.6096","Height = 0.6m","0.99","Raw 0m 3m-s",8.42227627416647,2,0,3
"BottomCenter","Direction","0.6096","Height = 0.6m","2.1","Raw 0m 3m-s",18.6819798919466,2,0,3
"BottomRight","Direction","0.6096","Height = 0.6m","3.3","Raw 0m 3m-s",355.948252870161,2,0,3
"MidLeft","Direction","1.2192","Height = 1.2m","0.99","Raw 0m 3m-s",4.27785009561668,2,0,3
"MidCenter","Direction","1.2192","Height = 1.2m","2.1","Raw 0m 3m-s",,2,0,3
"MidRight","Direction","1.2192","Height = 1.2m","3.3","Raw 0m 3m-s",5.66101632279243,2,0,3
"TopLeft","Direction","1.8288","Height = 1.8m","0.99","Raw 0m 3m-s",,2,0,3
"TopCenter","Direction","1.8288","Height = 1.8m","2.1","Raw 0m 3m-s",,2,0,3
"TopRight","Direction","1.8288","Height = 1.8m","3.3","Raw 0m 3m-s",,2,0,3
"BottomLeft","Direction","0.6096","Height = 0.6m","0.99","Raw 0m 4.5m-s",3.93699026054156,2,0,4.5
"BottomCenter","Direction","0.6096","Height = 0.6m","2.1","Raw 0m 4.5m-s",3.5491625650456,2,0,4.5
"BottomRight","Direction","0.6096","Height = 0.6m","3.3","Raw 0m 4.5m-s",344.024917891877,2,0,4.5
"MidLeft","Direction","1.2192","Height = 1.2m","0.99","Raw 0m 4.5m-s",7.05443733305808,2,0,4.5
"MidCenter","Direction","1.2192","Height = 1.2m","2.1","Raw 0m 4.5m-s",,2,0,4.5
"MidRight","Direction","1.2192","Height = 1.2m","3.3","Raw 0m 4.5m-s",357.021756847349,2,0,4.5
"TopLeft","Direction","1.8288","Height = 1.8m","0.99","Raw 0m 4.5m-s",,2,0,4.5
"TopCenter","Direction","1.8288","Height = 1.8m","2.1","Raw 0m 4.5m-s",,2,0,4.5
"TopRight","Direction","1.8288","Height = 1.8m","3.3","Raw 0m 4.5m-s",,2,0,4.5
"BottomLeft","Direction","0.6096","Height = 0.6m","0.99","Raw -1m 1.5m-s",31.48643588675,2,-1,1.5
"BottomCenter","Direction","0.6096","Height = 0.6m","2.1","Raw -1m 1.5m-s",19.6475427090591,2,-1,1.5
"BottomRight","Direction","0.6096","Height = 0.6m","3.3","Raw -1m 1.5m-s",30.527923762198,2,-1,1.5
"MidLeft","Direction","1.2192","Height = 1.2m","0.99","Raw -1m 1.5m-s",348.164617248714,2,-1,1.5
"MidCenter","Direction","1.2192","Height = 1.2m","2.1","Raw -1m 1.5m-s",2.01407981349522,2,-1,1.5
"MidRight","Direction","1.2192","Height = 1.2m","3.3","Raw -1m 1.5m-s",8.02803555707761,2,-1,1.5
"TopLeft","Direction","1.8288","Height = 1.8m","0.99","Raw -1m 1.5m-s",343.351276653807,2,-1,1.5
"TopCenter","Direction","1.8288","Height = 1.8m","2.1","Raw -1m 1.5m-s",,2,-1,1.5
"TopRight","Direction","1.8288","Height = 1.8m","3.3","Raw -1m 1.5m-s",12.3699619378442,2,-1,1.5
"BottomLeft","Direction","0.6096","Height = 0.6m","0.99","Raw -1m 3m-s",3.94439120384554,2,-1,3
"BottomCenter","Direction","0.6096","Height = 0.6m","2.1","Raw -1m 3m-s",352.282204766691,2,-1,3
"BottomRight","Direction","0.6096","Height = 0.6m","3.3","Raw -1m 3m-s",341.923977397075,2,-1,3
"MidLeft","Direction","1.2192","Height = 1.2m","0.99","Raw -1m 3m-s",1.73957405961895,2,-1,3
"MidCenter","Direction","1.2192","Height = 1.2m","2.1","Raw -1m 3m-s",4.52875340126412,2,-1,3
"MidRight","Direction","1.2192","Height = 1.2m","3.3","Raw -1m 3m-s",351.378687501261,2,-1,3
"TopLeft","Direction","1.8288","Height = 1.8m","0.99","Raw -1m 3m-s",355.706106727836,2,-1,3
"TopCenter","Direction","1.8288","Height = 1.8m","2.1","Raw -1m 3m-s",,2,-1,3
"TopRight","Direction","1.8288","Height = 1.8m","3.3","Raw -1m 3m-s",3.16850115785837,2,-1,3
"BottomLeft","Direction","0.6096","Height = 0.6m","0.99","Raw -1m 4.5m-s",1.78857804314077,2,-1,4.5
"BottomCenter","Direction","0.6096","Height = 0.6m","2.1","Raw -1m 4.5m-s",357.522997818504,2,-1,4.5
"BottomRight","Direction","0.6096","Height = 0.6m","3.3","Raw -1m 4.5m-s",351.079458392149,2,-1,4.5
"MidLeft","Direction","1.2192","Height = 1.2m","0.99","Raw -1m 4.5m-s",0.539732508797317,2,-1,4.5
"MidCenter","Direction","1.2192","Height = 1.2m","2.1","Raw -1m 4.5m-s",2.94944206914242,2,-1,4.5
"MidRight","Direction","1.2192","Height = 1.2m","3.3","Raw -1m 4.5m-s",352.797739964384,2,-1,4.5
"TopLeft","Direction","1.8288","Height = 1.8m","0.99","Raw -1m 4.5m-s",358.006699943037,2,-1,4.5
"TopCenter","Direction","1.8288","Height = 1.8m","2.1","Raw -1m 4.5m-s",,2,-1,4.5
"TopRight","Direction","1.8288","Height = 1.8m","3.3","Raw -1m 4.5m-s",0.185215558279503,2,-1,4.5
"BottomLeft","Direction","0.6096","Height = 0.6m","0.99","Raw -2m 1.5m m-s",0.940452916210048,2,-2,1.5
"BottomCenter","Direction","0.6096","Height = 0.6m","2.1","Raw -2m 1.5m m-s",350.5147120415,2,-2,1.5
"BottomRight","Direction","0.6096","Height = 0.6m","3.3","Raw -2m 1.5m m-s",353.436330501901,2,-2,1.5
"MidLeft","Direction","1.2192","Height = 1.2m","0.99","Raw -2m 1.5m m-s",350.844406702919,2,-2,1.5
"MidCenter","Direction","1.2192","Height = 1.2m","2.1","Raw -2m 1.5m m-s",355.076584264691,2,-2,1.5
"MidRight","Direction","1.2192","Height = 1.2m","3.3","Raw -2m 1.5m m-s",357.270361434301,2,-2,1.5
"TopLeft","Direction","1.8288","Height = 1.8m","0.99","Raw -2m 1.5m m-s",351.472064072191,2,-2,1.5
"TopCenter","Direction","1.8288","Height = 1.8m","2.1","Raw -2m 1.5m m-s",357.110863255174,2,-2,1.5
"TopRight","Direction","1.8288","Height = 1.8m","3.3","Raw -2m 1.5m m-s",0.912151902306035,2,-2,1.5
"BottomLeft","Direction","0.6096","Height = 0.6m","0.99","Raw -2m 3m-s",357.729494540193,2,-2,3
"BottomCenter","Direction","0.6096","Height = 0.6m","2.1","Raw -2m 3m-s",358.448976718547,2,-2,3
"BottomRight","Direction","0.6096","Height = 0.6m","3.3","Raw -2m 3m-s",357.049769128103,2,-2,3
"MidLeft","Direction","1.2192","Height = 1.2m","0.99","Raw -2m 3m-s",358.390877919455,2,-2,3
"MidCenter","Direction","1.2192","Height = 1.2m","2.1","Raw -2m 3m-s",0.864103995944009,2,-2,3
"MidRight","Direction","1.2192","Height = 1.2m","3.3","Raw -2m 3m-s",358.708372600676,2,-2,3
"TopLeft","Direction","1.8288","Height = 1.8m","0.99","Raw -2m 3m-s",357.628930074024,2,-2,3
"TopCenter","Direction","1.8288","Height = 1.8m","2.1","Raw -2m 3m-s",358.373932061485,2,-2,3
"TopRight","Direction","1.8288","Height = 1.8m","3.3","Raw -2m 3m-s",359.996858558906,2,-2,3
"BottomLeft","Direction","0.6096","Height = 0.6m","0.99","Raw -2m 4.5m-s",357.349698307828,2,-2,4.5
"BottomCenter","Direction","0.6096","Height = 0.6m","2.1","Raw -2m 4.5m-s",359.25389686146,2,-2,4.5
"BottomRight","Direction","0.6096","Height = 0.6m","3.3","Raw -2m 4.5m-s",358.403362286149,2,-2,4.5
"MidLeft","Direction","1.2192","Height = 1.2m","0.99","Raw -2m 4.5m-s",358.215995455434,2,-2,4.5
"MidCenter","Direction","1.2192","Height = 1.2m","2.1","Raw -2m 4.5m-s",1.35396161588631,2,-2,4.5
"MidRight","Direction","1.2192","Height = 1.2m","3.3","Raw -2m 4.5m-s",359.425530302209,2,-2,4.5
"TopLeft","Direction","1.8288","Height = 1.8m","0.99","Raw -2m 4.5m-s",358.131315879,2,-2,4.5
"TopCenter","Direction","1.8288","Height = 1.8m","2.1","Raw -2m 4.5m-s",358.863666298264,2,-2,4.5
"TopRight","Direction","1.8288","Height = 1.8m","3.3","Raw -2m 4.5m-s",359.540261809107,2,-2,4.5
"BottomLeft","Direction","0.6096","Height = 0.6m","0.99","Raw -3m 1.5m-s",357.254819373482,2,-3,1.5
"BottomCenter","Direction","0.6096","Height = 0.6m","2.1","Raw -3m 1.5m-s",356.97105891539,2,-3,1.5
"BottomRight","Direction","0.6096","Height = 0.6m","3.3","Raw -3m 1.5m-s",356.146931718665,2,-3,1.5
"MidLeft","Direction","1.2192","Height = 1.2m","0.99","Raw -3m 1.5m-s",354.438778541884,2,-3,1.5
"MidCenter","Direction","1.2192","Height = 1.2m","2.1","Raw -3m 1.5m-s",359.762706912089,2,-3,1.5
"MidRight","Direction","1.2192","Height = 1.2m","3.3","Raw -3m 1.5m-s",358.125589272901,2,-3,1.5
"TopLeft","Direction","1.8288","Height = 1.8m","0.99","Raw -3m 1.5m-s",356.30829359694,2,-3,1.5
"TopCenter","Direction","1.8288","Height = 1.8m","2.1","Raw -3m 1.5m-s",358.312451229681,2,-3,1.5
"TopRight","Direction","1.8288","Height = 1.8m","3.3","Raw -3m 1.5m-s",358.343825820764,2,-3,1.5
"BottomLeft","Direction","0.6096","Height = 0.6m","0.99","Raw -3m 3m-s",358.78216034049,2,-3,3
"BottomCenter","Direction","0.6096","Height = 0.6m","2.1","Raw -3m 3m-s",359.725738975879,2,-3,3
"BottomRight","Direction","0.6096","Height = 0.6m","3.3","Raw -3m 3m-s",359.266596202837,2,-3,3
"MidLeft","Direction","1.2192","Height = 1.2m","0.99","Raw -3m 3m-s",358.508482435996,2,-3,3
"MidCenter","Direction","1.2192","Height = 1.2m","2.1","Raw -3m 3m-s",0.833380576566064,2,-3,3
"MidRight","Direction","1.2192","Height = 1.2m","3.3","Raw -3m 3m-s",0.0233696910156986,2,-3,3
"TopLeft","Direction","1.8288","Height = 1.8m","0.99","Raw -3m 3m-s",358.601934928959,2,-3,3
"TopCenter","Direction","1.8288","Height = 1.8m","2.1","Raw -3m 3m-s",0.0622231403399435,2,-3,3
"TopRight","Direction","1.8288","Height = 1.8m","3.3","Raw -3m 3m-s",359.528019694964,2,-3,3
"BottomLeft","Direction","0.6096","Height = 0.6m","0.99","Raw -3m 4.5m-s ",358.886444796535,2,-3,4.5
"BottomCenter","Direction","0.6096","Height = 0.6m","2.1","Raw -3m 4.5m-s ",359.762396871321,2,-3,4.5
"BottomRight","Direction","0.6096","Height = 0.6m","3.3","Raw -3m 4.5m-s ",359.793598908434,2,-3,4.5
"MidLeft","Direction","1.2192","Height = 1.2m","0.99","Raw -3m 4.5m-s ",358.665299256288,2,-3,4.5
"MidCenter","Direction","1.2192","Height = 1.2m","2.1","Raw -3m 4.5m-s ",0.887798790388101,2,-3,4.5
"MidRight","Direction","1.2192","Height = 1.2m","3.3","Raw -3m 4.5m-s ",0.395578685037345,2,-3,4.5
"TopLeft","Direction","1.8288","Height = 1.8m","0.99","Raw -3m 4.5m-s ",358.537013682427,2,-3,4.5
"TopCenter","Direction","1.8288","Height = 1.8m","2.1","Raw -3m 4.5m-s ",0.0725317244429253,2,-3,4.5
"TopRight","Direction","1.8288","Height = 1.8m","3.3","Raw -3m 4.5m-s ",359.524087963376,2,-3,4.5
"BottomLeft","Direction","0.6096","Height = 0.6m","0.99","Raw -3m 1.5m-s",8.65774451409424,10,-3,1.5
"BottomCenter","Direction","0.6096","Height = 0.6m","2.1","Raw -3m 1.5m-s",346.717658402181,10,-3,1.5
"BottomRight","Direction","0.6096","Height = 0.6m","3.3","Raw -3m 1.5m-s",343.415055013458,10,-3,1.5
"MidLeft","Direction","1.2192","Height = 1.2m","0.99","Raw -3m 1.5m-s",5.89737227962478,10,-3,1.5
"MidCenter","Direction","1.2192","Height = 1.2m","2.1","Raw -3m 1.5m-s",356.388496460103,10,-3,1.5
"MidRight","Direction","1.2192","Height = 1.2m","3.3","Raw -3m 1.5m-s",355.676336731492,10,-3,1.5
"TopLeft","Direction","1.8288","Height = 1.8m","0.99","Raw -3m 1.5m-s",357.688915791093,10,-3,1.5
"TopCenter","Direction","1.8288","Height = 1.8m","2.1","Raw -3m 1.5m-s",351.890728123657,10,-3,1.5
"TopRight","Direction","1.8288","Height = 1.8m","3.3","Raw -3m 1.5m-s",356.595522833604,10,-3,1.5
"BottomLeft","Direction","0.6096","Height = 0.6m","0.99","Raw -3m 3m-s",0.187663178226104,10,-3,3
"BottomCenter","Direction","0.6096","Height = 0.6m","2.1","Raw -3m 3m-s",0.662870493264183,10,-3,3
"BottomRight","Direction","0.6096","Height = 0.6m","3.3","Raw -3m 3m-s",359.376444366312,10,-3,3
"MidLeft","Direction","1.2192","Height = 1.2m","0.99","Raw -3m 3m-s",359.948460985871,10,-3,3
"MidCenter","Direction","1.2192","Height = 1.2m","2.1","Raw -3m 3m-s",359.9602614992,10,-3,3
"MidRight","Direction","1.2192","Height = 1.2m","3.3","Raw -3m 3m-s",0.254432317871951,10,-3,3
"TopLeft","Direction","1.8288","Height = 1.8m","0.99","Raw -3m 3m-s",359.412855252164,10,-3,3
"TopCenter","Direction","1.8288","Height = 1.8m","2.1","Raw -3m 3m-s",358.328774431137,10,-3,3
"TopRight","Direction","1.8288","Height = 1.8m","3.3","Raw -3m 3m-s",0.00355065375887456,10,-3,3
"BottomLeft","Direction","0.6096","Height = 0.6m","0.99","Raw -3m 4.5m-s",0.283314796713573,10,-3,4.5
"BottomCenter","Direction","0.6096","Height = 0.6m","2.1","Raw -3m 4.5m-s",359.918037062329,10,-3,4.5
"BottomRight","Direction","0.6096","Height = 0.6m","3.3","Raw -3m 4.5m-s",359.727190087479,10,-3,4.5
"MidLeft","Direction","1.2192","Height = 1.2m","0.99","Raw -3m 4.5m-s",359.632844549894,10,-3,4.5
"MidCenter","Direction","1.2192","Height = 1.2m","2.1","Raw -3m 4.5m-s",0.185283190421578,10,-3,4.5
"MidRight","Direction","1.2192","Height = 1.2m","3.3","Raw -3m 4.5m-s",0.273972215761828,10,-3,4.5
"TopLeft","Direction","1.8288","Height = 1.8m","0.99","Raw -3m 4.5m-s",359.460839205898,10,-3,4.5
"TopCenter","Direction","1.8288","Height = 1.8m","2.1","Raw -3m 4.5m-s",358.711814140599,10,-3,4.5
"TopRight","Direction","1.8288","Height = 1.8m","3.3","Raw -3m 4.5m-s",359.664863226134,10,-3,4.5
"BottomLeft","Direction","0.6096","Height = 0.6m","0.99","Raw -2m 1.5m-s",329.157316142695,10,-2,1.5
"BottomCenter","Direction","0.6096","Height = 0.6m","2.1","Raw -2m 1.5m-s",32.3132849466362,10,-2,1.5
"BottomRight","Direction","0.6096","Height = 0.6m","3.3","Raw -2m 1.5m-s",46.6285558090572,10,-2,1.5
"MidLeft","Direction","1.2192","Height = 1.2m","0.99","Raw -2m 1.5m-s",349.2437568121,10,-2,1.5
"MidCenter","Direction","1.2192","Height = 1.2m","2.1","Raw -2m 1.5m-s",359.59076556243,10,-2,1.5
"MidRight","Direction","1.2192","Height = 1.2m","3.3","Raw -2m 1.5m-s",0.636380861493903,10,-2,1.5
"TopLeft","Direction","1.8288","Height = 1.8m","0.99","Raw -2m 1.5m-s",346.347517149092,10,-2,1.5
"TopCenter","Direction","1.8288","Height = 1.8m","2.1","Raw -2m 1.5m-s",351.667926185362,10,-2,1.5
"TopRight","Direction","1.8288","Height = 1.8m","3.3","Raw -2m 1.5m-s",2.43778840865651,10,-2,1.5
"BottomLeft","Direction","0.6096","Height = 0.6m","0.99","Raw -2m 3m-s",1.71140888541132,10,-2,3
"BottomCenter","Direction","0.6096","Height = 0.6m","2.1","Raw -2m 3m-s",1.86655447337151,10,-2,3
"BottomRight","Direction","0.6096","Height = 0.6m","3.3","Raw -2m 3m-s",355.649750281881,10,-2,3
"MidLeft","Direction","1.2192","Height = 1.2m","0.99","Raw -2m 3m-s",0.0787844864565985,10,-2,3
"MidCenter","Direction","1.2192","Height = 1.2m","2.1","Raw -2m 3m-s",358.84913138898,10,-2,3
"MidRight","Direction","1.2192","Height = 1.2m","3.3","Raw -2m 3m-s",356.422150354111,10,-2,3
"TopLeft","Direction","1.8288","Height = 1.8m","0.99","Raw -2m 3m-s",358.668046562278,10,-2,3
"TopCenter","Direction","1.8288","Height = 1.8m","2.1","Raw -2m 3m-s",358.105908660749,10,-2,3
"TopRight","Direction","1.8288","Height = 1.8m","3.3","Raw -2m 3m-s",358.000591389237,10,-2,3
"BottomLeft","Direction","0.6096","Height = 0.6m","0.99","Raw -2m 4.5m-s",1.07076598197856,10,-2,4.5
"BottomCenter","Direction","0.6096","Height = 0.6m","2.1","Raw -2m 4.5m-s",1.52142435160931,10,-2,4.5
"BottomRight","Direction","0.6096","Height = 0.6m","3.3","Raw -2m 4.5m-s",357.819982561161,10,-2,4.5
"MidLeft","Direction","1.2192","Height = 1.2m","0.99","Raw -2m 4.5m-s",0.534593882763438,10,-2,4.5
"MidCenter","Direction","1.2192","Height = 1.2m","2.1","Raw -2m 4.5m-s",359.244342041199,10,-2,4.5
"MidRight","Direction","1.2192","Height = 1.2m","3.3","Raw -2m 4.5m-s",357.892032179761,10,-2,4.5
"TopLeft","Direction","1.8288","Height = 1.8m","0.99","Raw -2m 4.5m-s",358.743940930688,10,-2,4.5
"TopCenter","Direction","1.8288","Height = 1.8m","2.1","Raw -2m 4.5m-s",359.07793687572,10,-2,4.5
"TopRight","Direction","1.8288","Height = 1.8m","3.3","Raw -2m 4.5m-s",358.836648378492,10,-2,4.5
"BottomLeft","Direction","0.6096","Height = 0.6m","0.99","Raw -1m 1.5m-s",344.014716008373,10,-1,1.5
"BottomCenter","Direction","0.6096","Height = 0.6m","2.1","Raw -1m 1.5m-s",15.9431213751745,10,-1,1.5
"BottomRight","Direction","0.6096","Height = 0.6m","3.3","Raw -1m 1.5m-s",39.4958344459307,10,-1,1.5
"MidLeft","Direction","1.2192","Height = 1.2m","0.99","Raw -1m 1.5m-s",333.490905425941,10,-1,1.5
"MidCenter","Direction","1.2192","Height = 1.2m","2.1","Raw -1m 1.5m-s",359.07793687572,10,-1,1.5
"MidRight","Direction","1.2192","Height = 1.2m","3.3","Raw -1m 1.5m-s",13.2751546212842,10,-1,1.5
"TopLeft","Direction","1.8288","Height = 1.8m","0.99","Raw -1m 1.5m-s",332.305362367242,10,-1,1.5
"TopCenter","Direction","1.8288","Height = 1.8m","2.1","Raw -1m 1.5m-s",,10,-1,1.5
"TopRight","Direction","1.8288","Height = 1.8m","3.3","Raw -1m 1.5m-s",15.0207523346523,10,-1,1.5
"BottomLeft","Direction","0.6096","Height = 0.6m","0.99","Raw -1m 3m-s",8.06767155069627,10,-1,3
"BottomCenter","Direction","0.6096","Height = 0.6m","2.1","Raw -1m 3m-s",338.073622539954,10,-1,3
"BottomRight","Direction","0.6096","Height = 0.6m","3.3","Raw -1m 3m-s",348.254922367466,10,-1,3
"MidLeft","Direction","1.2192","Height = 1.2m","0.99","Raw -1m 3m-s",3.28008098259465,10,-1,3
"MidCenter","Direction","1.2192","Height = 1.2m","2.1","Raw -1m 3m-s",4.70545380352632,10,-1,3
"MidRight","Direction","1.2192","Height = 1.2m","3.3","Raw -1m 3m-s",346.714284621517,10,-1,3
"TopLeft","Direction","1.8288","Height = 1.8m","0.99","Raw -1m 3m-s",354.260029877548,10,-1,3
"TopCenter","Direction","1.8288","Height = 1.8m","2.1","Raw -1m 3m-s",,10,-1,3
"TopRight","Direction","1.8288","Height = 1.8m","3.3","Raw -1m 3m-s",5.44978431099739,10,-1,3
"BottomLeft","Direction","0.6096","Height = 0.6m","0.99","Raw -1m 4.5m-s",1.51587767118093,10,-1,4.5
"BottomCenter","Direction","0.6096","Height = 0.6m","2.1","Raw -1m 4.5m-s",358.741521178565,10,-1,4.5
"BottomRight","Direction","0.6096","Height = 0.6m","3.3","Raw -1m 4.5m-s",351.686481521643,10,-1,4.5
"MidLeft","Direction","1.2192","Height = 1.2m","0.99","Raw -1m 4.5m-s",359.815212077636,10,-1,4.5
"MidCenter","Direction","1.2192","Height = 1.2m","2.1","Raw -1m 4.5m-s",359.442328280108,10,-1,4.5
"MidRight","Direction","1.2192","Height = 1.2m","3.3","Raw -1m 4.5m-s",353.288463393847,10,-1,4.5
"TopLeft","Direction","1.8288","Height = 1.8m","0.99","Raw -1m 4.5m-s",356.703290552619,10,-1,4.5
"TopCenter","Direction","1.8288","Height = 1.8m","2.1","Raw -1m 4.5m-s",,10,-1,4.5
"TopRight","Direction","1.8288","Height = 1.8m","3.3","Raw -1m 4.5m-s",4.31396133347318,10,-1,4.5
"BottomLeft","Direction","0.6096","Height = 0.6m","0.99","Raw 0m 1.5m-s",352.556828751101,10,0,1.5
"BottomCenter","Direction","0.6096","Height = 0.6m","2.1","Raw 0m 1.5m-s",354.41671089795,10,0,1.5
"BottomRight","Direction","0.6096","Height = 0.6m","3.3","Raw 0m 1.5m-s",356.999378442901,10,0,1.5
"MidLeft","Direction","1.2192","Height = 1.2m","0.99","Raw 0m 1.5m-s",341.1010370814,10,0,1.5
"MidCenter","Direction","1.2192","Height = 1.2m","2.1","Raw 0m 1.5m-s",,10,0,1.5
"MidRight","Direction","1.2192","Height = 1.2m","3.3","Raw 0m 1.5m-s",10.0789992290247,10,0,1.5
"TopLeft","Direction","1.8288","Height = 1.8m","0.99","Raw 0m 1.5m-s",,10,0,1.5
"TopCenter","Direction","1.8288","Height = 1.8m","2.1","Raw 0m 1.5m-s",,10,0,1.5
"TopRight","Direction","1.8288","Height = 1.8m","3.3","Raw 0m 1.5m-s",,10,0,1.5
"BottomLeft","Direction","0.6096","Height = 0.6m","0.99","Raw 0m 3m-s",8.11554505994605,10,0,3
"BottomCenter","Direction","0.6096","Height = 0.6m","2.1","Raw 0m 3m-s",359.305631763699,10,0,3
"BottomRight","Direction","0.6096","Height = 0.6m","3.3","Raw 0m 3m-s",348.913129549062,10,0,3
"MidLeft","Direction","1.2192","Height = 1.2m","0.99","Raw 0m 3m-s",16.7858706242262,10,0,3
"MidCenter","Direction","1.2192","Height = 1.2m","2.1","Raw 0m 3m-s",,10,0,3
"MidRight","Direction","1.2192","Height = 1.2m","3.3","Raw 0m 3m-s",345.609768831289,10,0,3
"TopLeft","Direction","1.8288","Height = 1.8m","0.99","Raw 0m 3m-s",,10,0,3
"TopCenter","Direction","1.8288","Height = 1.8m","2.1","Raw 0m 3m-s",,10,0,3
"TopRight","Direction","1.8288","Height = 1.8m","3.3","Raw 0m 3m-s",,10,0,3
"BottomLeft","Direction","0.6096","Height = 0.6m","0.99","Raw 0m 4.5m-s",10.4661070417698,10,0,4.5
"BottomCenter","Direction","0.6096","Height = 0.6m","2.1","Raw 0m 4.5m-s",354.454816793622,10,0,4.5
"BottomRight","Direction","0.6096","Height = 0.6m","3.3","Raw 0m 4.5m-s",348.768725252132,10,0,4.5
"MidLeft","Direction","1.2192","Height = 1.2m","0.99","Raw 0m 4.5m-s",12.6463654764103,10,0,4.5
"MidCenter","Direction","1.2192","Height = 1.2m","2.1","Raw 0m 4.5m-s",,10,0,4.5
"MidRight","Direction","1.2192","Height = 1.2m","3.3","Raw 0m 4.5m-s",344.228511509774,10,0,4.5
"TopLeft","Direction","1.8288","Height = 1.8m","0.99","Raw 0m 4.5m-s",,10,0,4.5
"TopCenter","Direction","1.8288","Height = 1.8m","2.1","Raw 0m 4.5m-s",,10,0,4.5
"TopRight","Direction","1.8288","Height = 1.8m","3.3","Raw 0m 4.5m-s",,10,0,4.5
"BottomLeft","Direction","0.6096","Height = 0.6m","0.99","Raw +1m 1.5m-s",16.5466629697449,10,1,1.5
"BottomCenter","Direction","0.6096","Height = 0.6m","2.1","Raw +1m 1.5m-s",1.12429593289851,10,1,1.5
"BottomRight","Direction","0.6096","Height = 0.6m","3.3","Raw +1m 1.5m-s",343.409493885532,10,1,1.5
"MidLeft","Direction","1.2192","Height = 1.2m","0.99","Raw +1m 1.5m-s",320.025316963077,10,1,1.5
"MidCenter","Direction","1.2192","Height = 1.2m","2.1","Raw +1m 1.5m-s",52.2667060212322,10,1,1.5
"MidRight","Direction","1.2192","Height = 1.2m","3.3","Raw +1m 1.5m-s",35.3569556641781,10,1,1.5
"TopLeft","Direction","1.8288","Height = 1.8m","0.99","Raw +1m 1.5m-s",283.085210278206,10,1,1.5
"TopCenter","Direction","1.8288","Height = 1.8m","2.1","Raw +1m 1.5m-s",,10,1,1.5
"TopRight","Direction","1.8288","Height = 1.8m","3.3","Raw +1m 1.5m-s",86.2421893823253,10,1,1.5
"BottomLeft","Direction","0.6096","Height = 0.6m","0.99","Raw +1m 3m-s",14.532555208778,10,1,3
"BottomCenter","Direction","0.6096","Height = 0.6m","2.1","Raw +1m 3m-s",10.2827449975438,10,1,3
"BottomRight","Direction","0.6096","Height = 0.6m","3.3","Raw +1m 3m-s",356.535743127781,10,1,3
"MidLeft","Direction","1.2192","Height = 1.2m","0.99","Raw +1m 3m-s",332.352736999189,10,1,3
"MidCenter","Direction","1.2192","Height = 1.2m","2.1","Raw +1m 3m-s",8.61300629688608,10,1,3
"MidRight","Direction","1.2192","Height = 1.2m","3.3","Raw +1m 3m-s",25.9716859754017,10,1,3
"TopLeft","Direction","1.8288","Height = 1.8m","0.99","Raw +1m 3m-s",319.48971007861,10,1,3
"TopCenter","Direction","1.8288","Height = 1.8m","2.1","Raw +1m 3m-s",,10,1,3
"TopRight","Direction","1.8288","Height = 1.8m","3.3","Raw +1m 3m-s",41.5234130502313,10,1,3
"BottomLeft","Direction","0.6096","Height = 0.6m","0.99","Raw +1m 4.5m-s",30.6402953607559,10,1,4.5
"BottomCenter","Direction","0.6096","Height = 0.6m","2.1","Raw +1m 4.5m-s",1.56383977411832,10,1,4.5
"BottomRight","Direction","0.6096","Height = 0.6m","3.3","Raw +1m 4.5m-s",335.572877706633,10,1,4.5
"MidLeft","Direction","1.2192","Height = 1.2m","0.99","Raw +1m 4.5m-s",352.908902013308,10,1,4.5
"MidCenter","Direction","1.2192","Height = 1.2m","2.1","Raw +1m 4.5m-s",20.5293783612802,10,1,4.5
"MidRight","Direction","1.2192","Height = 1.2m","3.3","Raw +1m 4.5m-s",357.528277717809,10,1,4.5
"TopLeft","Direction","1.8288","Height = 1.8m","0.99","Raw +1m 4.5m-s",326.263904149239,10,1,4.5
"TopCenter","Direction","1.8288","Height = 1.8m","2.1","Raw +1m 4.5m-s",,10,1,4.5
"TopRight","Direction","1.8288","Height = 1.8m","3.3","Raw +1m 4.5m-s",30.1436211901253,10,1,4.5
"BottomLeft","Direction","0.6096","Height = 0.6m","0.99","Raw +2m 1.5m-s",47.3690688997323,10,2,1.5
"BottomCenter","Direction","0.6096","Height = 0.6m","2.1","Raw +2m 1.5m-s",324.181398598111,10,2,1.5
"BottomRight","Direction","0.6096","Height = 0.6m","3.3","Raw +2m 1.5m-s",331.631361661732,10,2,1.5
"MidLeft","Direction","1.2192","Height = 1.2m","0.99","Raw +2m 1.5m-s",98.0728504887162,10,2,1.5
"MidCenter","Direction","1.2192","Height = 1.2m","2.1","Raw +2m 1.5m-s",316.402330587848,10,2,1.5
"MidRight","Direction","1.2192","Height = 1.2m","3.3","Raw +2m 1.5m-s",243.022416070646,10,2,1.5
"TopLeft","Direction","1.8288","Height = 1.8m","0.99","Raw +2m 1.5m-s",273.299143760134,10,2,1.5
"TopCenter","Direction","1.8288","Height = 1.8m","2.1","Raw +2m 1.5m-s",60.9003406342113,10,2,1.5
"TopRight","Direction","1.8288","Height = 1.8m","3.3","Raw +2m 1.5m-s",107.874003610489,10,2,1.5
"BottomLeft","Direction","0.6096","Height = 0.6m","0.99","Raw +2m 3m-s",25.4605682506915,10,2,3
"BottomCenter","Direction","0.6096","Height = 0.6m","2.1","Raw +2m 3m-s",356.955763703426,10,2,3
"BottomRight","Direction","0.6096","Height = 0.6m","3.3","Raw +2m 3m-s",338.971763527144,10,2,3
"MidLeft","Direction","1.2192","Height = 1.2m","0.99","Raw +2m 3m-s",333.49309951869,10,2,3
"MidCenter","Direction","1.2192","Height = 1.2m","2.1","Raw +2m 3m-s",10.0678724950698,10,2,3
"MidRight","Direction","1.2192","Height = 1.2m","3.3","Raw +2m 3m-s",34.2722158022507,10,2,3
"TopLeft","Direction","1.8288","Height = 1.8m","0.99","Raw +2m 3m-s",332.152619220823,10,2,3
"TopCenter","Direction","1.8288","Height = 1.8m","2.1","Raw +2m 3m-s",7.36602594679463,10,2,3
"TopRight","Direction","1.8288","Height = 1.8m","3.3","Raw +2m 3m-s",28.6897858253919,10,2,3
"BottomLeft","Direction","0.6096","Height = 0.6m","0.99","Raw +2m 4.5m-s",34.3420044080343,10,2,4.5
"BottomCenter","Direction","0.6096","Height = 0.6m","2.1","Raw +2m 4.5m-s",358.98056857406,10,2,4.5
"BottomRight","Direction","0.6096","Height = 0.6m","3.3","Raw +2m 4.5m-s",323.774321879213,10,2,4.5
"MidLeft","Direction","1.2192","Height = 1.2m","0.99","Raw +2m 4.5m-s",346.645427968653,10,2,4.5
"MidCenter","Direction","1.2192","Height = 1.2m","2.1","Raw +2m 4.5m-s",9.50996839911884,10,2,4.5
"MidRight","Direction","1.2192","Height = 1.2m","3.3","Raw +2m 4.5m-s",12.2660084173992,10,2,4.5
"TopLeft","Direction","1.8288","Height = 1.8m","0.99","Raw +2m 4.5m-s",327.432918336825,10,2,4.5
"TopCenter","Direction","1.8288","Height = 1.8m","2.1","Raw +2m 4.5m-s",11.5621101125337,10,2,4.5
"TopRight","Direction","1.8288","Height = 1.8m","3.3","Raw +2m 4.5m-s",28.5116797266848,10,2,4.5
"BottomLeft","Direction","0.6096","Height = 0.6m","0.99","Raw +3m 1.5m-s",39.8921849465495,10,3,1.5
"BottomCenter","Direction","0.6096","Height = 0.6m","2.1","Raw +3m 1.5m-s",350.662618592853,10,3,1.5
"BottomRight","Direction","0.6096","Height = 0.6m","3.3","Raw +3m 1.5m-s",336.446264711838,10,3,1.5
"MidLeft","Direction","1.2192","Height = 1.2m","0.99","Raw +3m 1.5m-s",74.8068608984051,10,3,1.5
"MidCenter","Direction","1.2192","Height = 1.2m","2.1","Raw +3m 1.5m-s",280.162492191691,10,3,1.5
"MidRight","Direction","1.2192","Height = 1.2m","3.3","Raw +3m 1.5m-s",260.335205363575,10,3,1.5
"TopLeft","Direction","1.8288","Height = 1.8m","0.99","Raw +3m 1.5m-s",274.725242445452,10,3,1.5
"TopCenter","Direction","1.8288","Height = 1.8m","2.1","Raw +3m 1.5m-s",42.5680950598794,10,3,1.5
"TopRight","Direction","1.8288","Height = 1.8m","3.3","Raw +3m 1.5m-s",81.0539959387295,10,3,1.5
"BottomLeft","Direction","0.6096","Height = 0.6m","0.99","Raw +3m 3m-s",18.5625226709221,10,3,3
"BottomCenter","Direction","0.6096","Height = 0.6m","2.1","Raw +3m 3m-s",354.299234333621,10,3,3
"BottomRight","Direction","0.6096","Height = 0.6m","3.3","Raw +3m 3m-s",330.402112065259,10,3,3
"MidLeft","Direction","1.2192","Height = 1.2m","0.99","Raw +3m 3m-s",356.783214912639,10,3,3
"MidCenter","Direction","1.2192","Height = 1.2m","2.1","Raw +3m 3m-s",1.91578839308494,10,3,3
"MidRight","Direction","1.2192","Height = 1.2m","3.3","Raw +3m 3m-s",0.708840926888286,10,3,3
"TopLeft","Direction","1.8288","Height = 1.8m","0.99","Raw +3m 3m-s",346.374379848674,10,3,3
"TopCenter","Direction","1.8288","Height = 1.8m","2.1","Raw +3m 3m-s",6.9884851157349,10,3,3
"TopRight","Direction","1.8288","Height = 1.8m","3.3","Raw +3m 3m-s",15.07270666012,10,3,3
"BottomLeft","Direction","0.6096","Height = 0.6m","0.99","Raw +3m 4.5m-s",39.3513030974738,10,3,4.5
"BottomCenter","Direction","0.6096","Height = 0.6m","2.1","Raw +3m 4.5m-s",359.224651613011,10,3,4.5
"BottomRight","Direction","0.6096","Height = 0.6m","3.3","Raw +3m 4.5m-s",328.852094968345,10,3,4.5
"MidLeft","Direction","1.2192","Height = 1.2m","0.99","Raw +3m 4.5m-s",345.56910311421,10,3,4.5
"MidCenter","Direction","1.2192","Height = 1.2m","2.1","Raw +3m 4.5m-s",3.74541474827019,10,3,4.5
"MidRight","Direction","1.2192","Height = 1.2m","3.3","Raw +3m 4.5m-s",14.5087422891578,10,3,4.5
"TopLeft","Direction","1.8288","Height = 1.8m","0.99","Raw +3m 4.5m-s",333.812506759271,10,3,4.5
"TopCenter","Direction","1.8288","Height = 1.8m","2.1","Raw +3m 4.5m-s",3.44132539688813,10,3,4.5
"TopRight","Direction","1.8288","Height = 1.8m","3.3","Raw +3m 4.5m-s",19.8180440648738,10,3,4.5
"BottomLeft","Direction","0.6096","Height = 0.6m","0.99","Raw +4m 1.5 m-s",30.3977032524829,10,4,1.5
"BottomCenter","Direction","0.6096","Height = 0.6m","2.1","Raw +4m 1.5 m-s",348.372437440136,10,4,1.5
"BottomRight","Direction","0.6096","Height = 0.6m","3.3","Raw +4m 1.5 m-s",326.997839295937,10,4,1.5
"MidLeft","Direction","1.2192","Height = 1.2m","0.99","Raw +4m 1.5 m-s",91.8553891583058,10,4,1.5
"MidCenter","Direction","1.2192","Height = 1.2m","2.1","Raw +4m 1.5 m-s",356.906791818103,10,4,1.5
"MidRight","Direction","1.2192","Height = 1.2m","3.3","Raw +4m 1.5 m-s",312.568841071708,10,4,1.5
"TopLeft","Direction","1.8288","Height = 1.8m","0.99","Raw +4m 1.5 m-s",297.210909866707,10,4,1.5
"TopCenter","Direction","1.8288","Height = 1.8m","2.1","Raw +4m 1.5 m-s",20.5329357005952,10,4,1.5
"TopRight","Direction","1.8288","Height = 1.8m","3.3","Raw +4m 1.5 m-s",66.6438199484413,10,4,1.5
"BottomLeft","Direction","0.6096","Height = 0.6m","0.99","Raw +4m 3m-s",16.1282214005357,10,4,3
"BottomCenter","Direction","0.6096","Height = 0.6m","2.1","Raw +4m 3m-s",0.41123883870155,10,4,3
"BottomRight","Direction","0.6096","Height = 0.6m","3.3","Raw +4m 3m-s",331.21211796754,10,4,3
"MidLeft","Direction","1.2192","Height = 1.2m","0.99","Raw +4m 3m-s",12.043596448986,10,4,3
"MidCenter","Direction","1.2192","Height = 1.2m","2.1","Raw +4m 3m-s",1.15768201435188,10,4,3
"MidRight","Direction","1.2192","Height = 1.2m","3.3","Raw +4m 3m-s",347.11573532922,10,4,3
"TopLeft","Direction","1.8288","Height = 1.8m","0.99","Raw +4m 3m-s",348.207316661915,10,4,3
"TopCenter","Direction","1.8288","Height = 1.8m","2.1","Raw +4m 3m-s",3.37168530594693,10,4,3
"TopRight","Direction","1.8288","Height = 1.8m","3.3","Raw +4m 3m-s",20.0368054271348,10,4,3
"BottomLeft","Direction","0.6096","Height = 0.6m","0.99","Raw +4m 4.5m-s",19.7309598788498,10,4,4.5
"BottomCenter","Direction","0.6096","Height = 0.6m","2.1","Raw +4m 4.5m-s",1.47167083496551,10,4,4.5
"BottomRight","Direction","0.6096","Height = 0.6m","3.3","Raw +4m 4.5m-s",331.69382107098,10,4,4.5
"MidLeft","Direction","1.2192","Height = 1.2m","0.99","Raw +4m 4.5m-s",345.39657973868,10,4,4.5
"MidCenter","Direction","1.2192","Height = 1.2m","2.1","Raw +4m 4.5m-s",6.01437060745251,10,4,4.5
"MidRight","Direction","1.2192","Height = 1.2m","3.3","Raw +4m 4.5m-s",11.7380762662141,10,4,4.5
"TopLeft","Direction","1.8288","Height = 1.8m","0.99","Raw +4m 4.5m-s",343.833501341065,10,4,4.5
"TopCenter","Direction","1.8288","Height = 1.8m","2.1","Raw +4m 4.5m-s",2.02381363083124,10,4,4.5
"TopRight","Direction","1.8288","Height = 1.8m","3.3","Raw +4m 4.5m-s",6.6463389586809,10,4,4.5
"BottomLeft","Direction","0.6096","Height = 0.6m","0.99","Raw +5m 1.5 m-s",26.3573827804945,10,5,1.5
"BottomCenter","Direction","0.6096","Height = 0.6m","2.1","Raw +5m 1.5 m-s",336.110224487397,10,5,1.5
"BottomRight","Direction","0.6096","Height = 0.6m","3.3","Raw +5m 1.5 m-s",327.242500234892,10,5,1.5
"MidLeft","Direction","1.2192","Height = 1.2m","0.99","Raw +5m 1.5 m-s",53.1562568317877,10,5,1.5
"MidCenter","Direction","1.2192","Height = 1.2m","2.1","Raw +5m 1.5 m-s",354.953536705414,10,5,1.5
"MidRight","Direction","1.2192","Height = 1.2m","3.3","Raw +5m 1.5 m-s",307.891448040577,10,5,1.5
"TopLeft","Direction","1.8288","Height = 1.8m","0.99","Raw +5m 1.5 m-s",307.110431740685,10,5,1.5
"TopCenter","Direction","1.8288","Height = 1.8m","2.1","Raw +5m 1.5 m-s",345.291163672935,10,5,1.5
"TopRight","Direction","1.8288","Height = 1.8m","3.3","Raw +5m 1.5 m-s",63.1896864942816,10,5,1.5
"BottomLeft","Direction","0.6096","Height = 0.6m","0.99","Raw +5m 3m-s",16.7223814446463,10,5,3
"BottomCenter","Direction","0.6096","Height = 0.6m","2.1","Raw +5m 3m-s",358.562104808913,10,5,3
"BottomRight","Direction","0.6096","Height = 0.6m","3.3","Raw +5m 3m-s",338.491305222456,10,5,3
"MidLeft","Direction","1.2192","Height = 1.2m","0.99","Raw +5m 3m-s",16.9577805463503,10,5,3
"MidCenter","Direction","1.2192","Height = 1.2m","2.1","Raw +5m 3m-s",2.42015572374026,10,5,3
"MidRight","Direction","1.2192","Height = 1.2m","3.3","Raw +5m 3m-s",343.304681113032,10,5,3
"TopLeft","Direction","1.8288","Height = 1.8m","0.99","Raw +5m 3m-s",345.249821172941,10,5,3
"TopCenter","Direction","1.8288","Height = 1.8m","2.1","Raw +5m 3m-s",1.24641960061377,10,5,3
"TopRight","Direction","1.8288","Height = 1.8m","3.3","Raw +5m 3m-s",19.2742893635602,10,5,3
"BottomLeft","Direction","0.6096","Height = 0.6m","0.99","Raw +5m 4.5m-s",26.8805641878902,10,5,4.5
"BottomCenter","Direction","0.6096","Height = 0.6m","2.1","Raw +5m 4.5m-s",0.70705732390438,10,5,4.5
"BottomRight","Direction","0.6096","Height = 0.6m","3.3","Raw +5m 4.5m-s",319.276097658282,10,5,4.5
"MidLeft","Direction","1.2192","Height = 1.2m","0.99","Raw +5m 4.5m-s",350.78572955487,10,5,4.5
"MidCenter","Direction","1.2192","Height = 1.2m","2.1","Raw +5m 4.5m-s",2.91860747629008,10,5,4.5
"MidRight","Direction","1.2192","Height = 1.2m","3.3","Raw +5m 4.5m-s",10.3789286691143,10,5,4.5
"TopLeft","Direction","1.8288","Height = 1.8m","0.99","Raw +5m 4.5m-s",351.864560947359,10,5,4.5
"TopCenter","Direction","1.8288","Height = 1.8m","2.1","Raw +5m 4.5m-s",2.03110012965854,10,5,4.5
"TopRight","Direction","1.8288","Height = 1.8m","3.3","Raw +5m 4.5m-s",5.30659565525179,10,5,4.5
"BottomLeft","Direction","0.6096","Height = 0.6m","0.99","Raw +6m 1.5m-s",36.5485777707613,10,6,1.5
"BottomCenter","Direction","0.6096","Height = 0.6m","2.1","Raw +6m 1.5m-s",345.41164047363,10,6,1.5
"BottomRight","Direction","0.6096","Height = 0.6m","3.3","Raw +6m 1.5m-s",336.369663238264,10,6,1.5
"MidLeft","Direction","1.2192","Height = 1.2m","0.99","Raw +6m 1.5m-s",30.6473992381023,10,6,1.5
"MidCenter","Direction","1.2192","Height = 1.2m","2.1","Raw +6m 1.5m-s",345.416671393687,10,6,1.5
"MidRight","Direction","1.2192","Height = 1.2m","3.3","Raw +6m 1.5m-s",314.169110166008,10,6,1.5
"TopLeft","Direction","1.8288","Height = 1.8m","0.99","Raw +6m 1.5m-s",314.695471929905,10,6,1.5
"TopCenter","Direction","1.8288","Height = 1.8m","2.1","Raw +6m 1.5m-s",339.966680371862,10,6,1.5
"TopRight","Direction","1.8288","Height = 1.8m","3.3","Raw +6m 1.5m-s",22.9233053171158,10,6,1.5
"BottomLeft","Direction","0.6096","Height = 0.6m","0.99","Raw +6m 3m-s",14.097933407472,10,6,3
"BottomCenter","Direction","0.6096","Height = 0.6m","2.1","Raw +6m 3m-s",355.765845468885,10,6,3
"BottomRight","Direction","0.6096","Height = 0.6m","3.3","Raw +6m 3m-s",336.180479498229,10,6,3
"MidLeft","Direction","1.2192","Height = 1.2m","0.99","Raw +6m 3m-s",16.3604138962484,10,6,3
"MidCenter","Direction","1.2192","Height = 1.2m","2.1","Raw +6m 3m-s",359.499134895288,10,6,3
"MidRight","Direction","1.2192","Height = 1.2m","3.3","Raw +6m 3m-s",338.715711373793,10,6,3
"TopLeft","Direction","1.8288","Height = 1.8m","0.99","Raw +6m 3m-s",337.712438330341,10,6,3
"TopCenter","Direction","1.8288","Height = 1.8m","2.1","Raw +6m 3m-s",0.464855170914885,10,6,3
"TopRight","Direction","1.8288","Height = 1.8m","3.3","Raw +6m 3m-s",23.4828109289559,10,6,3
"BottomLeft","Direction","0.6096","Height = 0.6m","0.99","Raw +6m 4.5m-s",24.4540680881268,10,6,4.5
"BottomCenter","Direction","0.6096","Height = 0.6m","2.1","Raw +6m 4.5m-s",0.147641663781517,10,6,4.5
"BottomRight","Direction","0.6096","Height = 0.6m","3.3","Raw +6m 4.5m-s",336.609355208607,10,6,4.5
"MidLeft","Direction","1.2192","Height = 1.2m","0.99","Raw +6m 4.5m-s",352.85907564567,10,6,4.5
"MidCenter","Direction","1.2192","Height = 1.2m","2.1","Raw +6m 4.5m-s",1.47882954423381,10,6,4.5
"MidRight","Direction","1.2192","Height = 1.2m","3.3","Raw +6m 4.5m-s",3.77961083392638,10,6,4.5
"TopLeft","Direction","1.8288","Height = 1.8m","0.99","Raw +6m 4.5m-s",346.930526275245,10,6,4.5
"TopCenter","Direction","1.8288","Height = 1.8m","2.1","Raw +6m 4.5m-s",1.66383497537587,10,6,4.5
"TopRight","Direction","1.8288","Height = 1.8m","3.3","Raw +6m 4.5m-s",8.9601675053205,10,6,4.5
"BottomLeft","Direction","0.6096","Height = 0.6m","0.99","Raw +8m 1.5m-s",25.7868532556752,10,8,1.5
"BottomCenter","Direction","0.6096","Height = 0.6m","2.1","Raw +8m 1.5m-s",357.347261863783,10,8,1.5
"BottomRight","Direction","0.6096","Height = 0.6m","3.3","Raw +8m 1.5m-s",333.181023543041,10,8,1.5
"MidLeft","Direction","1.2192","Height = 1.2m","0.99","Raw +8m 1.5m-s",10.317041498242,10,8,1.5
"MidCenter","Direction","1.2192","Height = 1.2m","2.1","Raw +8m 1.5m-s",357.109277139821,10,8,1.5
"MidRight","Direction","1.2192","Height = 1.2m","3.3","Raw +8m 1.5m-s",342.36842459399,10,8,1.5
"TopLeft","Direction","1.8288","Height = 1.8m","0.99","Raw +8m 1.5m-s",331.769722180875,10,8,1.5
"TopCenter","Direction","1.8288","Height = 1.8m","2.1","Raw +8m 1.5m-s",0.76267905278582,10,8,1.5
"TopRight","Direction","1.8288","Height = 1.8m","3.3","Raw +8m 1.5m-s",21.91254142966,10,8,1.5
"BottomLeft","Direction","0.6096","Height = 0.6m","0.99","Raw +8m 3m-s",17.6497479376723,10,8,3
"BottomCenter","Direction","0.6096","Height = 0.6m","2.1","Raw +8m 3m-s",2.03530745394396,10,8,3
"BottomRight","Direction","0.6096","Height = 0.6m","3.3","Raw +8m 3m-s",338.824989905926,10,8,3
"MidLeft","Direction","1.2192","Height = 1.2m","0.99","Raw +8m 3m-s",15.3494707027772,10,8,3
"MidCenter","Direction","1.2192","Height = 1.2m","2.1","Raw +8m 3m-s",359.906757351026,10,8,3
"MidRight","Direction","1.2192","Height = 1.2m","3.3","Raw +8m 3m-s",341.051642039681,10,8,3
"TopLeft","Direction","1.8288","Height = 1.8m","0.99","Raw +8m 3m-s",337.757319128083,10,8,3
"TopCenter","Direction","1.8288","Height = 1.8m","2.1","Raw +8m 3m-s",3.08667094083297,10,8,3
"TopRight","Direction","1.8288","Height = 1.8m","3.3","Raw +8m 3m-s",21.4381483878141,10,8,3
"BottomLeft","Direction","0.6096","Height = 0.6m","0.99","Raw +8m 4.5m-s",18.7302777325963,10,8,4.5
"BottomCenter","Direction","0.6096","Height = 0.6m","2.1","Raw +8m 4.5m-s",0.0108573984483409,10,8,4.5
"BottomRight","Direction","0.6096","Height = 0.6m","3.3","Raw +8m 4.5m-s",336.89846814356,10,8,4.5
"MidLeft","Direction","1.2192","Height = 1.2m","0.99","Raw +8m 4.5m-s",3.43633175060551,10,8,4.5
"MidCenter","Direction","1.2192","Height = 1.2m","2.1","Raw +8m 4.5m-s",0.473373658987523,10,8,4.5
"MidRight","Direction","1.2192","Height = 1.2m","3.3","Raw +8m 4.5m-s",354.879604813743,10,8,4.5
"TopLeft","Direction","1.8288","Height = 1.8m","0.99","Raw +8m 4.5m-s",339.037889022356,10,8,4.5
"TopCenter","Direction","1.8288","Height = 1.8m","2.1","Raw +8m 4.5m-s",3.10706408539099,10,8,4.5
"TopRight","Direction","1.8288","Height = 1.8m","3.3","Raw +8m 4.5m-s",17.7084283286993,10,8,4.5
"BottomLeft","Direction","0.6096","Height = 0.6m","0.99","Raw +12m 1.5m-s",10.2146036890033,10,12,1.5
"BottomCenter","Direction","0.6096","Height = 0.6m","2.1","Raw +12m 1.5m-s",0.0751518693332577,10,12,1.5
"BottomRight","Direction","0.6096","Height = 0.6m","3.3","Raw +12m 1.5m-s",337.795404087079,10,12,1.5
"MidLeft","Direction","1.2192","Height = 1.2m","0.99","Raw +12m 1.5m-s",0.43712936889793,10,12,1.5
"MidCenter","Direction","1.2192","Height = 1.2m","2.1","Raw +12m 1.5m-s",2.14355863159652,10,12,1.5
"MidRight","Direction","1.2192","Height = 1.2m","3.3","Raw +12m 1.5m-s",6.96362751386123,10,12,1.5
"TopLeft","Direction","1.8288","Height = 1.8m","0.99","Raw +12m 1.5m-s",345.883001578678,10,12,1.5
"TopCenter","Direction","1.8288","Height = 1.8m","2.1","Raw +12m 1.5m-s",0.415622901108067,10,12,1.5
"TopRight","Direction","1.8288","Height = 1.8m","3.3","Raw +12m 1.5m-s",20.6197359413338,10,12,1.5
"BottomLeft","Direction","0.6096","Height = 0.6m","0.99","Raw +12m 3m-s",18.7417075175774,10,12,3
"BottomCenter","Direction","0.6096","Height = 0.6m","2.1","Raw +12m 3m-s",358.896602869903,10,12,3
"BottomRight","Direction","0.6096","Height = 0.6m","3.3","Raw +12m 3m-s",333.115975120003,10,12,3
"MidLeft","Direction","1.2192","Height = 1.2m","0.99","Raw +12m 3m-s",357.887350643212,10,12,3
"MidCenter","Direction","1.2192","Height = 1.2m","2.1","Raw +12m 3m-s",3.50725000720031,10,12,3
"MidRight","Direction","1.2192","Height = 1.2m","3.3","Raw +12m 3m-s",0.76953507626209,10,12,3
"TopLeft","Direction","1.8288","Height = 1.8m","0.99","Raw +12m 3m-s",339.329631222414,10,12,3
"TopCenter","Direction","1.8288","Height = 1.8m","2.1","Raw +12m 3m-s",0.61646912751002,10,12,3
"TopRight","Direction","1.8288","Height = 1.8m","3.3","Raw +12m 3m-s",19.5812589614912,10,12,3
"BottomLeft","Direction","0.6096","Height = 0.6m","0.99","Raw +12m 4.5m-s",18.7215910767595,10,12,4.5
"BottomCenter","Direction","0.6096","Height = 0.6m","2.1","Raw +12m 4.5m-s",359.616003137244,10,12,4.5
"BottomRight","Direction","0.6096","Height = 0.6m","3.3","Raw +12m 4.5m-s",336.777860830824,10,12,4.5
"MidLeft","Direction","1.2192","Height = 1.2m","0.99","Raw +12m 4.5m-s",6.00039404346072,10,12,4.5
"MidCenter","Direction","1.2192","Height = 1.2m","2.1","Raw +12m 4.5m-s",0.558142827283197,10,12,4.5
"MidRight","Direction","1.2192","Height = 1.2m","3.3","Raw +12m 4.5m-s",355.043397512455,10,12,4.5
"TopLeft","Direction","1.8288","Height = 1.8m","0.99","Raw +12m 4.5m-s",336.165003047332,10,12,4.5
"TopCenter","Direction","1.8288","Height = 1.8m","2.1","Raw +12m 4.5m-s",0.920014120956277,10,12,4.5
"TopRight","Direction","1.8288","Height = 1.8m","3.3","Raw +12m 4.5m-s",21.686998073555,10,12,4.5
"BottomLeft","Direction","0.6096","Height = 0.6m","0.99","Raw +16m 1.5m-s",10.1587691385042,10,16,1.5
"BottomCenter","Direction","0.6096","Height = 0.6m","2.1","Raw +16m 1.5m-s",349.718541892185,10,16,1.5
"BottomRight","Direction","0.6096","Height = 0.6m","3.3","Raw +16m 1.5m-s",344.564978962094,10,16,1.5
"MidLeft","Direction","1.2192","Height = 1.2m","0.99","Raw +16m 1.5m-s",359.676656667803,10,16,1.5
"MidCenter","Direction","1.2192","Height = 1.2m","2.1","Raw +16m 1.5m-s",3.78621960744009,10,16,1.5
"MidRight","Direction","1.2192","Height = 1.2m","3.3","Raw +16m 1.5m-s",3.41683033101086,10,16,1.5
"TopLeft","Direction","1.8288","Height = 1.8m","0.99","Raw +16m 1.5m-s",349.058978107406,10,16,1.5
"TopCenter","Direction","1.8288","Height = 1.8m","2.1","Raw +16m 1.5m-s",11.0606729638344,10,16,1.5
"TopRight","Direction","1.8288","Height = 1.8m","3.3","Raw +16m 1.5m-s",13.1059118880561,10,16,1.5
"BottomLeft","Direction","0.6096","Height = 0.6m","0.99","Raw +16m 3m-s",18.5200112963083,10,16,3
"BottomCenter","Direction","0.6096","Height = 0.6m","2.1","Raw +16m 3m-s",358.773789935349,10,16,3
"BottomRight","Direction","0.6096","Height = 0.6m","3.3","Raw +16m 3m-s",337.295153791233,10,16,3
"MidLeft","Direction","1.2192","Height = 1.2m","0.99","Raw +16m 3m-s",348.759803973313,10,16,3
"MidCenter","Direction","1.2192","Height = 1.2m","2.1","Raw +16m 3m-s",359.081761752771,10,16,3
"MidRight","Direction","1.2192","Height = 1.2m","3.3","Raw +16m 3m-s",4.92623983049998,10,16,3
"TopLeft","Direction","1.8288","Height = 1.8m","0.99","Raw +16m 3m-s",344.208490271849,10,16,3
"TopCenter","Direction","1.8288","Height = 1.8m","2.1","Raw +16m 3m-s",1.75009979747204,10,16,3
"TopRight","Direction","1.8288","Height = 1.8m","3.3","Raw +16m 3m-s",13.3172982338718,10,16,3
"BottomLeft","Direction","0.6096","Height = 0.6m","0.99","Raw +16m 4.5m-s",18.0237715448902,10,16,4.5
"BottomCenter","Direction","0.6096","Height = 0.6m","2.1","Raw +16m 4.5m-s",358.39279771794,10,16,4.5
"BottomRight","Direction","0.6096","Height = 0.6m","3.3","Raw +16m 4.5m-s",340.325086405653,10,16,4.5
"MidLeft","Direction","1.2192","Height = 1.2m","0.99","Raw +16m 4.5m-s",352.686122476174,10,16,4.5
"MidCenter","Direction","1.2192","Height = 1.2m","2.1","Raw +16m 4.5m-s",2.49911820502986,10,16,4.5
"MidRight","Direction","1.2192","Height = 1.2m","3.3","Raw +16m 4.5m-s",358.987134554959,10,16,4.5
"TopLeft","Direction","1.8288","Height = 1.8m","0.99","Raw +16m 4.5m-s",339.962412570668,10,16,4.5
"TopCenter","Direction","1.8288","Height = 1.8m","2.1","Raw +16m 4.5m-s",1.54636484636928,10,16,4.5
"TopRight","Direction","1.8288","Height = 1.8m","3.3","Raw +16m 4.5m-s",17.7619069028933,10,16,4.5
"BottomLeft","Direction","0.6096","Height = 0.6m","0.99","Raw +20m 1.5m-s",3.44192798994104,10,20,1.5
"BottomCenter","Direction","0.6096","Height = 0.6m","2.1","Raw +20m 1.5m-s",357.315409590292,10,20,1.5
"BottomRight","Direction","0.6096","Height = 0.6m","3.3","Raw +20m 1.5m-s",347.635860673931,10,20,1.5
"MidLeft","Direction","1.2192","Height = 1.2m","0.99","Raw +20m 1.5m-s",2.71093093583418,10,20,1.5
"MidCenter","Direction","1.2192","Height = 1.2m","2.1","Raw +20m 1.5m-s",1.09417106041331,10,20,1.5
"MidRight","Direction","1.2192","Height = 1.2m","3.3","Raw +20m 1.5m-s",2.48510317134874,10,20,1.5
"TopLeft","Direction","1.8288","Height = 1.8m","0.99","Raw +20m 1.5m-s",355.015114295808,10,20,1.5
"TopCenter","Direction","1.8288","Height = 1.8m","2.1","Raw +20m 1.5m-s",4.42126521507599,10,20,1.5
"TopRight","Direction","1.8288","Height = 1.8m","3.3","Raw +20m 1.5m-s",10.5892622936077,10,20,1.5
"BottomLeft","Direction","0.6096","Height = 0.6m","0.99","Raw +20m 3m-s",15.3670679377196,10,20,3
"BottomCenter","Direction","0.6096","Height = 0.6m","2.1","Raw +20m 3m-s",1.15319242200213,10,20,3
"BottomRight","Direction","0.6096","Height = 0.6m","3.3","Raw +20m 3m-s",339.28127437468,10,20,3
"MidLeft","Direction","1.2192","Height = 1.2m","0.99","Raw +20m 3m-s",348.433634461616,10,20,3
"MidCenter","Direction","1.2192","Height = 1.2m","2.1","Raw +20m 3m-s",1.89758302582628,10,20,3
"MidRight","Direction","1.2192","Height = 1.2m","3.3","Raw +20m 3m-s",6.88236093496413,10,20,3
"TopLeft","Direction","1.8288","Height = 1.8m","0.99","Raw +20m 3m-s",342.164141993819,10,20,3
"TopCenter","Direction","1.8288","Height = 1.8m","2.1","Raw +20m 3m-s",2.10457273943025,10,20,3
"TopRight","Direction","1.8288","Height = 1.8m","3.3","Raw +20m 3m-s",17.7781682373409,10,20,3
"BottomLeft","Direction","0.6096","Height = 0.6m","0.99","Raw +20m 4.5m-s",18.8210840955517,10,20,4.5
"BottomCenter","Direction","0.6096","Height = 0.6m","2.1","Raw +20m 4.5m-s",2.33363116350285,10,20,4.5
"BottomRight","Direction","0.6096","Height = 0.6m","3.3","Raw +20m 4.5m-s",338.568303480269,10,20,4.5
"MidLeft","Direction","1.2192","Height = 1.2m","0.99","Raw +20m 4.5m-s",353.049041471156,10,20,4.5
"MidCenter","Direction","1.2192","Height = 1.2m","2.1","Raw +20m 4.5m-s",0.20460538029374,10,20,4.5
"MidRight","Direction","1.2192","Height = 1.2m","3.3","Raw +20m 4.5m-s",2.67338022933398,10,20,4.5
"TopLeft","Direction","1.8288","Height = 1.8m","0.99","Raw +20m 4.5m-s",341.264623369253,10,20,4.5
"TopCenter","Direction","1.8288","Height = 1.8m","2.1","Raw +20m 4.5m-s",359.106714865596,10,20,4.5
"TopRight","Direction","1.8288","Height = 1.8m","3.3","Raw +20m 4.5m-s",16.2466710241809,10,20,4.5
